stage,layer,module,module_path,epsilon,lambda_scale,lambda_options,matrix_reduced_rank,top_k,num_singular_vectors,num_intruders,intruder_fraction,mean_max_similarity,min_max_similarity,correction_frobenius_norm
mnli,0,q_proj,layers.0.self_attn.q_proj,0.8,0.0,"[0.0, 0.5]",2048,100,100,0,0.0,0.9993687272071838,0.9932771325111389,0.0
mnli,0,v_proj,layers.0.self_attn.v_proj,0.8,0.0,"[0.0, 0.5]",512,100,100,0,0.0,0.9872201681137085,0.89687180519104,0.0
mnli,0,up_proj,layers.0.mlp.up_proj,0.8,0.0,"[0.0, 0.5]",2048,100,100,2,0.02,0.9925028085708618,0.754980742931366,3.2220919132232666
mnli,0,down_proj,layers.0.mlp.down_proj,0.8,0.0,"[0.0, 0.5]",2048,100,100,0,0.0,0.9983230829238892,0.9783723950386047,0.0
mnli,1,q_proj,layers.1.self_attn.q_proj,0.8,0.0,"[0.0, 0.5]",2048,100,100,0,0.0,0.9992062449455261,0.9960949420928955,0.0
mnli,1,v_proj,layers.1.self_attn.v_proj,0.8,0.0,"[0.0, 0.5]",512,100,100,0,0.0,0.9832445383071899,0.8977802395820618,0.0
mnli,1,up_proj,layers.1.mlp.up_proj,0.8,0.0,"[0.0, 0.5]",2048,100,100,0,0.0,0.995587944984436,0.944455623626709,0.0
mnli,1,down_proj,layers.1.mlp.down_proj,0.8,0.0,"[0.0, 0.5]",2048,100,100,0,0.0,0.9978179931640625,0.9414206147193909,0.0
mnli,2,q_proj,layers.2.self_attn.q_proj,0.8,0.0,"[0.0, 0.5]",2048,100,100,0,0.0,0.9993215203285217,0.9975228309631348,0.0
mnli,2,v_proj,layers.2.self_attn.v_proj,0.8,0.0,"[0.0, 0.5]",512,100,100,0,0.0,0.9856754541397095,0.8184599280357361,0.0
mnli,2,up_proj,layers.2.mlp.up_proj,0.8,0.0,"[0.0, 0.5]",2048,100,100,0,0.0,0.9883642792701721,0.8584668040275574,0.0
mnli,2,down_proj,layers.2.mlp.down_proj,0.8,0.0,"[0.0, 0.5]",2048,100,100,0,0.0,0.9992021322250366,0.9876506328582764,0.0
mnli,3,q_proj,layers.3.self_attn.q_proj,0.8,0.0,"[0.0, 0.5]",2048,100,100,0,0.0,0.9993133544921875,0.9979420900344849,0.0
mnli,3,v_proj,layers.3.self_attn.v_proj,0.8,0.0,"[0.0, 0.5]",512,100,100,0,0.0,0.992138147354126,0.9271374940872192,0.0
mnli,3,up_proj,layers.3.mlp.up_proj,0.8,0.0,"[0.0, 0.5]",2048,100,100,0,0.0,0.992260754108429,0.9193841814994812,0.0
mnli,3,down_proj,layers.3.mlp.down_proj,0.8,0.0,"[0.0, 0.5]",2048,100,100,0,0.0,0.9978691935539246,0.9428019523620605,0.0
mnli,4,q_proj,layers.4.self_attn.q_proj,0.8,0.0,"[0.0, 0.5]",2048,100,100,0,0.0,0.9990283846855164,0.9939613938331604,0.0
mnli,4,v_proj,layers.4.self_attn.v_proj,0.8,0.0,"[0.0, 0.5]",512,100,100,2,0.02,0.9845572113990784,0.7346258163452148,1.057052493095398
mnli,4,up_proj,layers.4.mlp.up_proj,0.8,0.0,"[0.0, 0.5]",2048,100,100,0,0.0,0.9950625896453857,0.9734289646148682,0.0
mnli,4,down_proj,layers.4.mlp.down_proj,0.8,0.0,"[0.0, 0.5]",2048,100,100,0,0.0,0.9965850710868835,0.9277231097221375,0.0
mnli,5,q_proj,layers.5.self_attn.q_proj,0.8,0.0,"[0.0, 0.5]",2048,100,100,0,0.0,0.9990062117576599,0.9911630749702454,0.0
mnli,5,v_proj,layers.5.self_attn.v_proj,0.8,0.0,"[0.0, 0.5]",512,100,100,2,0.02,0.9813238382339478,0.7183287143707275,1.0110481977462769
mnli,5,up_proj,layers.5.mlp.up_proj,0.8,0.0,"[0.0, 0.5]",2048,100,100,0,0.0,0.993854820728302,0.888393759727478,0.0
mnli,5,down_proj,layers.5.mlp.down_proj,0.8,0.0,"[0.0, 0.5]",2048,100,100,0,0.0,0.9996443390846252,0.9944343566894531,0.0
mnli,6,q_proj,layers.6.self_attn.q_proj,0.8,0.0,"[0.0, 0.5]",2048,100,100,0,0.0,0.9992128610610962,0.9953648447990417,0.0
mnli,6,v_proj,layers.6.self_attn.v_proj,0.8,0.0,"[0.0, 0.5]",512,100,100,0,0.0,0.9938793182373047,0.9759818911552429,0.0
mnli,6,up_proj,layers.6.mlp.up_proj,0.8,0.0,"[0.0, 0.5]",2048,100,100,2,0.02,0.9923138618469238,0.7566306591033936,3.226078510284424
mnli,6,down_proj,layers.6.mlp.down_proj,0.8,0.0,"[0.0, 0.5]",2048,100,100,2,0.02,0.9941551089286804,0.7945179343223572,3.4213039875030518
mnli,7,q_proj,layers.7.self_attn.q_proj,0.8,0.0,"[0.0, 0.5]",2048,100,100,0,0.0,0.9992923140525818,0.9951881170272827,0.0
mnli,7,v_proj,layers.7.self_attn.v_proj,0.8,0.0,"[0.0, 0.5]",512,100,100,2,0.02,0.9894850254058838,0.7434291243553162,1.2649765014648438
mnli,7,up_proj,layers.7.mlp.up_proj,0.8,0.0,"[0.0, 0.5]",2048,100,100,0,0.0,0.9976437091827393,0.9419765472412109,0.0
mnli,7,down_proj,layers.7.mlp.down_proj,0.8,0.0,"[0.0, 0.5]",2048,100,100,0,0.0,1.0003365278244019,0.9981324076652527,0.0
mnli,8,q_proj,layers.8.self_attn.q_proj,0.8,0.0,"[0.0, 0.5]",2048,100,100,0,0.0,0.9994801878929138,0.9981977939605713,0.0
mnli,8,v_proj,layers.8.self_attn.v_proj,0.8,0.0,"[0.0, 0.5]",512,100,100,2,0.02,0.9835202097892761,0.7388952970504761,1.1725012063980103
mnli,8,up_proj,layers.8.mlp.up_proj,0.8,0.0,"[0.0, 0.5]",2048,100,100,0,0.0,0.998258113861084,0.9851096272468567,0.0
mnli,8,down_proj,layers.8.mlp.down_proj,0.8,0.0,"[0.0, 0.5]",2048,100,100,0,0.0,1.0003204345703125,0.9962731003761292,0.0
mnli,9,q_proj,layers.9.self_attn.q_proj,0.8,0.0,"[0.0, 0.5]",2048,100,100,0,0.0,0.9994733333587646,0.9978775978088379,0.0
mnli,9,v_proj,layers.9.self_attn.v_proj,0.8,0.0,"[0.0, 0.5]",512,100,100,0,0.0,0.9906826615333557,0.8576006293296814,0.0
mnli,9,up_proj,layers.9.mlp.up_proj,0.8,0.0,"[0.0, 0.5]",2048,100,100,0,0.0,0.9947096109390259,0.8614659309387207,0.0
mnli,9,down_proj,layers.9.mlp.down_proj,0.8,0.0,"[0.0, 0.5]",2048,100,100,0,0.0,0.9995328783988953,0.9774123430252075,0.0
mnli,10,q_proj,layers.10.self_attn.q_proj,0.8,0.0,"[0.0, 0.5]",2048,100,100,0,0.0,0.9993681311607361,0.9948355555534363,0.0
mnli,10,v_proj,layers.10.self_attn.v_proj,0.8,0.0,"[0.0, 0.5]",512,100,100,0,0.0,0.9943826794624329,0.9441321492195129,0.0
mnli,10,up_proj,layers.10.mlp.up_proj,0.8,0.0,"[0.0, 0.5]",2048,100,100,0,0.0,0.99349045753479,0.8344255089759827,0.0
mnli,10,down_proj,layers.10.mlp.down_proj,0.8,0.0,"[0.0, 0.5]",2048,100,100,0,0.0,0.9991462230682373,0.9662323594093323,0.0
mnli,11,q_proj,layers.11.self_attn.q_proj,0.8,0.0,"[0.0, 0.5]",2048,100,100,0,0.0,0.99950110912323,0.9973092675209045,0.0
mnli,11,v_proj,layers.11.self_attn.v_proj,0.8,0.0,"[0.0, 0.5]",512,100,100,0,0.0,0.9971725344657898,0.9827459454536438,0.0
mnli,11,up_proj,layers.11.mlp.up_proj,0.8,0.0,"[0.0, 0.5]",2048,100,100,0,0.0,0.9977597594261169,0.9825051426887512,0.0
mnli,11,down_proj,layers.11.mlp.down_proj,0.8,0.0,"[0.0, 0.5]",2048,100,100,0,0.0,0.9991836547851562,0.9625846147537231,0.0
mnli,12,q_proj,layers.12.self_attn.q_proj,0.8,0.0,"[0.0, 0.5]",2048,100,100,0,0.0,0.999483585357666,0.9977625608444214,0.0
mnli,12,v_proj,layers.12.self_attn.v_proj,0.8,0.0,"[0.0, 0.5]",512,100,100,0,0.0,0.9980831742286682,0.952734112739563,0.0
mnli,12,up_proj,layers.12.mlp.up_proj,0.8,0.0,"[0.0, 0.5]",2048,100,100,0,0.0,0.9977635741233826,0.9506188631057739,0.0
mnli,12,down_proj,layers.12.mlp.down_proj,0.8,0.0,"[0.0, 0.5]",2048,100,100,0,0.0,0.999297559261322,0.9469372630119324,0.0
mnli,13,q_proj,layers.13.self_attn.q_proj,0.8,0.0,"[0.0, 0.5]",2048,100,100,0,0.0,0.9995678067207336,0.9985999464988708,0.0
mnli,13,v_proj,layers.13.self_attn.v_proj,0.8,0.0,"[0.0, 0.5]",512,100,100,0,0.0,0.9996845126152039,0.9955456852912903,0.0
mnli,13,up_proj,layers.13.mlp.up_proj,0.8,0.0,"[0.0, 0.5]",2048,100,100,0,0.0,0.9983105659484863,0.9652039408683777,0.0
mnli,13,down_proj,layers.13.mlp.down_proj,0.8,0.0,"[0.0, 0.5]",2048,100,100,0,0.0,0.9995192885398865,0.9164332151412964,0.0
mnli,14,q_proj,layers.14.self_attn.q_proj,0.8,0.0,"[0.0, 0.5]",2048,100,100,0,0.0,0.9995561838150024,0.99921053647995,0.0
mnli,14,v_proj,layers.14.self_attn.v_proj,0.8,0.0,"[0.0, 0.5]",512,100,100,0,0.0,1.0001808404922485,0.9999908208847046,0.0
mnli,14,up_proj,layers.14.mlp.up_proj,0.8,0.0,"[0.0, 0.5]",2048,100,100,0,0.0,0.9987894296646118,0.9839715361595154,0.0
mnli,14,down_proj,layers.14.mlp.down_proj,0.8,0.0,"[0.0, 0.5]",2048,100,100,0,0.0,0.9970152378082275,0.9149091839790344,0.0
mnli,15,q_proj,layers.15.self_attn.q_proj,0.8,0.0,"[0.0, 0.5]",2048,100,100,0,0.0,0.9995840191841125,0.9992667436599731,0.0
mnli,15,v_proj,layers.15.self_attn.v_proj,0.8,0.0,"[0.0, 0.5]",512,100,100,0,0.0,1.0001311302185059,0.9988332390785217,0.0
mnli,15,up_proj,layers.15.mlp.up_proj,0.8,0.0,"[0.0, 0.5]",2048,100,100,0,0.0,0.9991970062255859,0.9912329912185669,0.0
mnli,15,down_proj,layers.15.mlp.down_proj,0.8,0.0,"[0.0, 0.5]",2048,100,100,0,0.0,0.9998602867126465,0.9929934144020081,0.0
qqp,0,q_proj,layers.0.self_attn.q_proj,0.8,0.0,"[0.0, 0.5]",2048,100,100,0,0.0,0.9993392825126648,0.9971644282341003,0.0
qqp,0,v_proj,layers.0.self_attn.v_proj,0.8,0.0,"[0.0, 0.5]",512,100,100,0,0.0,0.9767014384269714,0.8027035593986511,0.0
qqp,0,up_proj,layers.0.mlp.up_proj,0.8,0.0,"[0.0, 0.5]",2048,100,100,0,0.0,0.9929546117782593,0.8699423670768738,0.0
qqp,0,down_proj,layers.0.mlp.down_proj,0.8,0.0,"[0.0, 0.5]",2048,100,100,0,0.0,0.9966949224472046,0.9604238271713257,0.0
qqp,1,q_proj,layers.1.self_attn.q_proj,0.8,0.0,"[0.0, 0.5]",2048,100,100,0,0.0,0.9990270137786865,0.9961615800857544,0.0
qqp,1,v_proj,layers.1.self_attn.v_proj,0.8,0.0,"[0.0, 0.5]",512,100,100,0,0.0,0.9572816491127014,0.8156092166900635,0.0
qqp,1,up_proj,layers.1.mlp.up_proj,0.8,0.0,"[0.0, 0.5]",2048,100,100,2,0.02,0.9850004315376282,0.732421338558197,3.1534602642059326
qqp,1,down_proj,layers.1.mlp.down_proj,0.8,0.0,"[0.0, 0.5]",2048,100,100,0,0.0,0.9951967000961304,0.9498940110206604,0.0
qqp,2,q_proj,layers.2.self_attn.q_proj,0.8,0.0,"[0.0, 0.5]",2048,100,100,0,0.0,0.9991815090179443,0.9950131177902222,0.0
qqp,2,v_proj,layers.2.self_attn.v_proj,0.8,0.0,"[0.0, 0.5]",512,100,100,4,0.04,0.9651908278465271,0.7099495530128479,1.4228280782699585
qqp,2,up_proj,layers.2.mlp.up_proj,0.8,0.0,"[0.0, 0.5]",2048,100,100,2,0.02,0.9732393026351929,0.7320875525474548,3.0252315998077393
qqp,2,down_proj,layers.2.mlp.down_proj,0.8,0.0,"[0.0, 0.5]",2048,100,100,0,0.0,0.9972435235977173,0.9696416258811951,0.0
qqp,3,q_proj,layers.3.self_attn.q_proj,0.8,0.0,"[0.0, 0.5]",2048,100,100,0,0.0,0.9990796446800232,0.9949558973312378,0.0
qqp,3,v_proj,layers.3.self_attn.v_proj,0.8,0.0,"[0.0, 0.5]",512,100,100,0,0.0,0.9847167730331421,0.8881374597549438,0.0
qqp,3,up_proj,layers.3.mlp.up_proj,0.8,0.0,"[0.0, 0.5]",2048,100,100,2,0.02,0.981188952922821,0.7463933825492859,3.0055670738220215
qqp,3,down_proj,layers.3.mlp.down_proj,0.8,0.0,"[0.0, 0.5]",2048,100,100,0,0.0,0.9973304867744446,0.9626061320304871,0.0
qqp,4,q_proj,layers.4.self_attn.q_proj,0.8,0.0,"[0.0, 0.5]",2048,100,100,0,0.0,0.9989891052246094,0.9935224652290344,0.0
qqp,4,v_proj,layers.4.self_attn.v_proj,0.8,0.0,"[0.0, 0.5]",512,100,100,0,0.0,0.9793888330459595,0.841931939125061,0.0
qqp,4,up_proj,layers.4.mlp.up_proj,0.8,0.0,"[0.0, 0.5]",2048,100,100,0,0.0,0.991270124912262,0.9275822639465332,0.0
qqp,4,down_proj,layers.4.mlp.down_proj,0.8,0.0,"[0.0, 0.5]",2048,100,100,0,0.0,0.997962236404419,0.9516868591308594,0.0
qqp,5,q_proj,layers.5.self_attn.q_proj,0.8,0.0,"[0.0, 0.5]",2048,100,100,0,0.0,0.9988076686859131,0.9901968240737915,0.0
qqp,5,v_proj,layers.5.self_attn.v_proj,0.8,0.0,"[0.0, 0.5]",512,100,100,2,0.02,0.9733990430831909,0.7896542549133301,1.0112590789794922
qqp,5,up_proj,layers.5.mlp.up_proj,0.8,0.0,"[0.0, 0.5]",2048,100,100,0,0.0,0.9927928447723389,0.9444920420646667,0.0
qqp,5,down_proj,layers.5.mlp.down_proj,0.8,0.0,"[0.0, 0.5]",2048,100,100,0,0.0,0.9987282752990723,0.9894891381263733,0.0
qqp,6,q_proj,layers.6.self_attn.q_proj,0.8,0.0,"[0.0, 0.5]",2048,100,100,0,0.0,0.9986811280250549,0.9873591065406799,0.0
qqp,6,v_proj,layers.6.self_attn.v_proj,0.8,0.0,"[0.0, 0.5]",512,100,100,0,0.0,0.9874269366264343,0.926314115524292,0.0
qqp,6,up_proj,layers.6.mlp.up_proj,0.8,0.0,"[0.0, 0.5]",2048,100,100,2,0.02,0.9886570572853088,0.7228199243545532,3.2260477542877197
qqp,6,down_proj,layers.6.mlp.down_proj,0.8,0.0,"[0.0, 0.5]",2048,100,100,0,0.0,0.9947678446769714,0.8210225105285645,0.0
qqp,7,q_proj,layers.7.self_attn.q_proj,0.8,0.0,"[0.0, 0.5]",2048,100,100,0,0.0,0.9992292523384094,0.9963851571083069,0.0
qqp,7,v_proj,layers.7.self_attn.v_proj,0.8,0.0,"[0.0, 0.5]",512,100,100,0,0.0,0.9870704412460327,0.8325818181037903,0.0
qqp,7,up_proj,layers.7.mlp.up_proj,0.8,0.0,"[0.0, 0.5]",2048,100,100,0,0.0,0.9962319731712341,0.9103780388832092,0.0
qqp,7,down_proj,layers.7.mlp.down_proj,0.8,0.0,"[0.0, 0.5]",2048,100,100,0,0.0,0.9990875720977783,0.9749963283538818,0.0
qqp,8,q_proj,layers.8.self_attn.q_proj,0.8,0.0,"[0.0, 0.5]",2048,100,100,0,0.0,0.9994349479675293,0.9978029727935791,0.0
qqp,8,v_proj,layers.8.self_attn.v_proj,0.8,0.0,"[0.0, 0.5]",512,100,100,3,0.03,0.9800788164138794,0.7277277112007141,1.3794385194778442
qqp,8,up_proj,layers.8.mlp.up_proj,0.8,0.0,"[0.0, 0.5]",2048,100,100,0,0.0,0.9973331689834595,0.9779595136642456,0.0
qqp,8,down_proj,layers.8.mlp.down_proj,0.8,0.0,"[0.0, 0.5]",2048,100,100,0,0.0,0.997661292552948,0.9427894949913025,0.0
qqp,9,q_proj,layers.9.self_attn.q_proj,0.8,0.0,"[0.0, 0.5]",2048,100,100,0,0.0,0.9995075464248657,0.9987058639526367,0.0
qqp,9,v_proj,layers.9.self_attn.v_proj,0.8,0.0,"[0.0, 0.5]",512,100,100,0,0.0,0.9865226745605469,0.8356972336769104,0.0
qqp,9,up_proj,layers.9.mlp.up_proj,0.8,0.0,"[0.0, 0.5]",2048,100,100,0,0.0,0.9951234459877014,0.9138649702072144,0.0
qqp,9,down_proj,layers.9.mlp.down_proj,0.8,0.0,"[0.0, 0.5]",2048,100,100,0,0.0,0.9991428852081299,0.9724515080451965,0.0
qqp,10,q_proj,layers.10.self_attn.q_proj,0.8,0.0,"[0.0, 0.5]",2048,100,100,0,0.0,0.9994695782661438,0.9979075193405151,0.0
qqp,10,v_proj,layers.10.self_attn.v_proj,0.8,0.0,"[0.0, 0.5]",512,100,100,4,0.04,0.9824159741401672,0.7135657072067261,1.433273434638977
qqp,10,up_proj,layers.10.mlp.up_proj,0.8,0.0,"[0.0, 0.5]",2048,100,100,0,0.0,0.9936820864677429,0.8738242983818054,0.0
qqp,10,down_proj,layers.10.mlp.down_proj,0.8,0.0,"[0.0, 0.5]",2048,100,100,0,0.0,0.9957525730133057,0.9117065072059631,0.0
qqp,11,q_proj,layers.11.self_attn.q_proj,0.8,0.0,"[0.0, 0.5]",2048,100,100,0,0.0,0.9993942975997925,0.9950571060180664,0.0
qqp,11,v_proj,layers.11.self_attn.v_proj,0.8,0.0,"[0.0, 0.5]",512,100,100,0,0.0,0.9941648840904236,0.9552826881408691,0.0
qqp,11,up_proj,layers.11.mlp.up_proj,0.8,0.0,"[0.0, 0.5]",2048,100,100,0,0.0,0.9950759410858154,0.9086318016052246,0.0
qqp,11,down_proj,layers.11.mlp.down_proj,0.8,0.0,"[0.0, 0.5]",2048,100,100,0,0.0,0.9980104565620422,0.9558857083320618,0.0
qqp,12,q_proj,layers.12.self_attn.q_proj,0.8,0.0,"[0.0, 0.5]",2048,100,100,0,0.0,0.9994171857833862,0.9956905245780945,0.0
qqp,12,v_proj,layers.12.self_attn.v_proj,0.8,0.0,"[0.0, 0.5]",512,100,100,0,0.0,0.9947302937507629,0.9082887768745422,0.0
qqp,12,up_proj,layers.12.mlp.up_proj,0.8,0.0,"[0.0, 0.5]",2048,100,100,0,0.0,0.998392641544342,0.9896196126937866,0.0
qqp,12,down_proj,layers.12.mlp.down_proj,0.8,0.0,"[0.0, 0.5]",2048,100,100,0,0.0,0.9998432993888855,0.9910473227500916,0.0
qqp,13,q_proj,layers.13.self_attn.q_proj,0.8,0.0,"[0.0, 0.5]",2048,100,100,0,0.0,0.9993014335632324,0.9907754063606262,0.0
qqp,13,v_proj,layers.13.self_attn.v_proj,0.8,0.0,"[0.0, 0.5]",512,100,100,0,0.0,0.9986135959625244,0.9889943599700928,0.0
qqp,13,up_proj,layers.13.mlp.up_proj,0.8,0.0,"[0.0, 0.5]",2048,100,100,0,0.0,0.9964660406112671,0.9218042492866516,0.0
qqp,13,down_proj,layers.13.mlp.down_proj,0.8,0.0,"[0.0, 0.5]",2048,100,100,0,0.0,0.9996095299720764,0.9763147830963135,0.0
qqp,14,q_proj,layers.14.self_attn.q_proj,0.8,0.0,"[0.0, 0.5]",2048,100,100,0,0.0,0.9995469450950623,0.9990641474723816,0.0
qqp,14,v_proj,layers.14.self_attn.v_proj,0.8,0.0,"[0.0, 0.5]",512,100,100,0,0.0,1.0001347064971924,0.9997450113296509,0.0
qqp,14,up_proj,layers.14.mlp.up_proj,0.8,0.0,"[0.0, 0.5]",2048,100,100,0,0.0,0.9983250498771667,0.985778272151947,0.0
qqp,14,down_proj,layers.14.mlp.down_proj,0.8,0.0,"[0.0, 0.5]",2048,100,100,1,0.01,0.9919416308403015,0.6727693676948547,2.428386926651001
qqp,15,q_proj,layers.15.self_attn.q_proj,0.8,0.0,"[0.0, 0.5]",2048,100,100,0,0.0,0.9995669722557068,0.9989706873893738,0.0
qqp,15,v_proj,layers.15.self_attn.v_proj,0.8,0.0,"[0.0, 0.5]",512,100,100,0,0.0,0.9999667406082153,0.995857298374176,0.0
qqp,15,up_proj,layers.15.mlp.up_proj,0.8,0.0,"[0.0, 0.5]",2048,100,100,0,0.0,0.9990239143371582,0.9917443990707397,0.0
qqp,15,down_proj,layers.15.mlp.down_proj,0.8,0.0,"[0.0, 0.5]",2048,100,100,0,0.0,0.9989579916000366,0.9705091118812561,0.0
sst2,0,q_proj,layers.0.self_attn.q_proj,0.8,0.0,"[0.0, 0.5]",2048,100,100,0,0.0,0.999390184879303,0.9985405206680298,0.0
sst2,0,v_proj,layers.0.self_attn.v_proj,0.8,0.0,"[0.0, 0.5]",512,100,100,4,0.04,0.9520672559738159,0.6930702328681946,1.2066220045089722
sst2,0,up_proj,layers.0.mlp.up_proj,0.8,0.0,"[0.0, 0.5]",2048,100,100,0,0.0,0.9899951219558716,0.8739323019981384,0.0
sst2,0,down_proj,layers.0.mlp.down_proj,0.8,0.0,"[0.0, 0.5]",2048,100,100,0,0.0,0.9941518902778625,0.9453518986701965,0.0
sst2,1,q_proj,layers.1.self_attn.q_proj,0.8,0.0,"[0.0, 0.5]",2048,100,100,0,0.0,0.9987038969993591,0.9918532967567444,0.0
sst2,1,v_proj,layers.1.self_attn.v_proj,0.8,0.0,"[0.0, 0.5]",512,100,100,6,0.06,0.9359855651855469,0.6691648364067078,1.456810712814331
sst2,1,up_proj,layers.1.mlp.up_proj,0.8,0.0,"[0.0, 0.5]",2048,100,100,0,0.0,0.9807851910591125,0.8073071837425232,0.0
sst2,1,down_proj,layers.1.mlp.down_proj,0.8,0.0,"[0.0, 0.5]",2048,100,100,0,0.0,0.9938176870346069,0.9281731843948364,0.0
sst2,2,q_proj,layers.2.self_attn.q_proj,0.8,0.0,"[0.0, 0.5]",2048,100,100,0,0.0,0.9989657402038574,0.9927785992622375,0.0
sst2,2,v_proj,layers.2.self_attn.v_proj,0.8,0.0,"[0.0, 0.5]",512,100,100,5,0.05,0.9578330516815186,0.6868746280670166,1.4957706928253174
sst2,2,up_proj,layers.2.mlp.up_proj,0.8,0.0,"[0.0, 0.5]",2048,100,100,4,0.04,0.9681802988052368,0.7499739527702332,4.206387996673584
sst2,2,down_proj,layers.2.mlp.down_proj,0.8,0.0,"[0.0, 0.5]",2048,100,100,2,0.02,0.9913864731788635,0.7797397971153259,3.8711774349212646
sst2,3,q_proj,layers.3.self_attn.q_proj,0.8,0.0,"[0.0, 0.5]",2048,100,100,0,0.0,0.998888373374939,0.9959505200386047,0.0
sst2,3,v_proj,layers.3.self_attn.v_proj,0.8,0.0,"[0.0, 0.5]",512,100,100,2,0.02,0.9737538695335388,0.7150635719299316,1.134605884552002
sst2,3,up_proj,layers.3.mlp.up_proj,0.8,0.0,"[0.0, 0.5]",2048,100,100,2,0.02,0.976579487323761,0.7848160266876221,3.0054194927215576
sst2,3,down_proj,layers.3.mlp.down_proj,0.8,0.0,"[0.0, 0.5]",2048,100,100,0,0.0,0.9950628876686096,0.9580626487731934,0.0
sst2,4,q_proj,layers.4.self_attn.q_proj,0.8,0.0,"[0.0, 0.5]",2048,100,100,0,0.0,0.9988008737564087,0.9903263449668884,0.0
sst2,4,v_proj,layers.4.self_attn.v_proj,0.8,0.0,"[0.0, 0.5]",512,100,100,2,0.02,0.9640631675720215,0.6967513561248779,1.0789313316345215
sst2,4,up_proj,layers.4.mlp.up_proj,0.8,0.0,"[0.0, 0.5]",2048,100,100,0,0.0,0.9860319495201111,0.8546119332313538,0.0
sst2,4,down_proj,layers.4.mlp.down_proj,0.8,0.0,"[0.0, 0.5]",2048,100,100,0,0.0,0.9960340261459351,0.9062373638153076,0.0
sst2,5,q_proj,layers.5.self_attn.q_proj,0.8,0.0,"[0.0, 0.5]",2048,100,100,0,0.0,0.998585045337677,0.9882650971412659,0.0
sst2,5,v_proj,layers.5.self_attn.v_proj,0.8,0.0,"[0.0, 0.5]",512,100,100,5,0.05,0.9594208598136902,0.6295892000198364,1.500689148902893
sst2,5,up_proj,layers.5.mlp.up_proj,0.8,0.0,"[0.0, 0.5]",2048,100,100,2,0.02,0.9859763383865356,0.7460535168647766,3.048912525177002
sst2,5,down_proj,layers.5.mlp.down_proj,0.8,0.0,"[0.0, 0.5]",2048,100,100,0,0.0,0.9982443451881409,0.9850926995277405,0.0
sst2,6,q_proj,layers.6.self_attn.q_proj,0.8,0.0,"[0.0, 0.5]",2048,100,100,0,0.0,0.9987169504165649,0.9898938536643982,0.0
sst2,6,v_proj,layers.6.self_attn.v_proj,0.8,0.0,"[0.0, 0.5]",512,100,100,0,0.0,0.9831636548042297,0.9285678267478943,0.0
sst2,6,up_proj,layers.6.mlp.up_proj,0.8,0.0,"[0.0, 0.5]",2048,100,100,0,0.0,0.9892720580101013,0.8105210065841675,0.0
sst2,6,down_proj,layers.6.mlp.down_proj,0.8,0.0,"[0.0, 0.5]",2048,100,100,0,0.0,0.9951642751693726,0.8871970176696777,0.0
sst2,7,q_proj,layers.7.self_attn.q_proj,0.8,0.0,"[0.0, 0.5]",2048,100,100,0,0.0,0.9990749359130859,0.9944255352020264,0.0
sst2,7,v_proj,layers.7.self_attn.v_proj,0.8,0.0,"[0.0, 0.5]",512,100,100,4,0.04,0.9792391061782837,0.7403247952461243,1.7098489999771118
sst2,7,up_proj,layers.7.mlp.up_proj,0.8,0.0,"[0.0, 0.5]",2048,100,100,2,0.02,0.991617739200592,0.7128060460090637,4.173804759979248
sst2,7,down_proj,layers.7.mlp.down_proj,0.8,0.0,"[0.0, 0.5]",2048,100,100,0,0.0,0.9982097744941711,0.933648407459259,0.0
sst2,8,q_proj,layers.8.self_attn.q_proj,0.8,0.0,"[0.0, 0.5]",2048,100,100,0,0.0,0.9993391633033752,0.9961717128753662,0.0
sst2,8,v_proj,layers.8.self_attn.v_proj,0.8,0.0,"[0.0, 0.5]",512,100,100,4,0.04,0.9769445061683655,0.6938526630401611,1.559203028678894
sst2,8,up_proj,layers.8.mlp.up_proj,0.8,0.0,"[0.0, 0.5]",2048,100,100,0,0.0,0.9938401579856873,0.8883165717124939,0.0
sst2,8,down_proj,layers.8.mlp.down_proj,0.8,0.0,"[0.0, 0.5]",2048,100,100,0,0.0,0.9991727471351624,0.9796999096870422,0.0
sst2,9,q_proj,layers.9.self_attn.q_proj,0.8,0.0,"[0.0, 0.5]",2048,100,100,0,0.0,0.9994838237762451,0.9987035989761353,0.0
sst2,9,v_proj,layers.9.self_attn.v_proj,0.8,0.0,"[0.0, 0.5]",512,100,100,0,0.0,0.9836817383766174,0.8738670945167542,0.0
sst2,9,up_proj,layers.9.mlp.up_proj,0.8,0.0,"[0.0, 0.5]",2048,100,100,0,0.0,0.993934154510498,0.9400063753128052,0.0
sst2,9,down_proj,layers.9.mlp.down_proj,0.8,0.0,"[0.0, 0.5]",2048,100,100,0,0.0,0.9988563656806946,0.9840099215507507,0.0
sst2,10,q_proj,layers.10.self_attn.q_proj,0.8,0.0,"[0.0, 0.5]",2048,100,100,0,0.0,0.9993653297424316,0.9978806972503662,0.0
sst2,10,v_proj,layers.10.self_attn.v_proj,0.8,0.0,"[0.0, 0.5]",512,100,100,4,0.04,0.9742386341094971,0.7105249166488647,1.4334464073181152
sst2,10,up_proj,layers.10.mlp.up_proj,0.8,0.0,"[0.0, 0.5]",2048,100,100,2,0.02,0.9875879883766174,0.7155400514602661,3.403454303741455
sst2,10,down_proj,layers.10.mlp.down_proj,0.8,0.0,"[0.0, 0.5]",2048,100,100,0,0.0,0.9950470924377441,0.9432567358016968,0.0
sst2,11,q_proj,layers.11.self_attn.q_proj,0.8,0.0,"[0.0, 0.5]",2048,100,100,0,0.0,0.9982196092605591,0.9331400394439697,0.0
sst2,11,v_proj,layers.11.self_attn.v_proj,0.8,0.0,"[0.0, 0.5]",512,100,100,0,0.0,0.9863008856773376,0.8463398218154907,0.0
sst2,11,up_proj,layers.11.mlp.up_proj,0.8,0.0,"[0.0, 0.5]",2048,100,100,0,0.0,0.9937751293182373,0.9314346313476562,0.0
sst2,11,down_proj,layers.11.mlp.down_proj,0.8,0.0,"[0.0, 0.5]",2048,100,100,0,0.0,0.991672158241272,0.8149152994155884,0.0
sst2,12,q_proj,layers.12.self_attn.q_proj,0.8,0.0,"[0.0, 0.5]",2048,100,100,0,0.0,0.9994376301765442,0.997046947479248,0.0
sst2,12,v_proj,layers.12.self_attn.v_proj,0.8,0.0,"[0.0, 0.5]",512,100,100,0,0.0,0.9903032183647156,0.8874827027320862,0.0
sst2,12,up_proj,layers.12.mlp.up_proj,0.8,0.0,"[0.0, 0.5]",2048,100,100,0,0.0,0.9960761070251465,0.9211035370826721,0.0
sst2,12,down_proj,layers.12.mlp.down_proj,0.8,0.0,"[0.0, 0.5]",2048,100,100,0,0.0,0.9978135824203491,0.9280908107757568,0.0
sst2,13,q_proj,layers.13.self_attn.q_proj,0.8,0.0,"[0.0, 0.5]",2048,100,100,0,0.0,0.9991655945777893,0.9889335632324219,0.0
sst2,13,v_proj,layers.13.self_attn.v_proj,0.8,0.0,"[0.0, 0.5]",512,100,100,0,0.0,0.9971796274185181,0.9737401604652405,0.0
sst2,13,up_proj,layers.13.mlp.up_proj,0.8,0.0,"[0.0, 0.5]",2048,100,100,0,0.0,0.9959561824798584,0.9328513741493225,0.0
sst2,13,down_proj,layers.13.mlp.down_proj,0.8,0.0,"[0.0, 0.5]",2048,100,100,0,0.0,0.9985894560813904,0.9548110961914062,0.0
sst2,14,q_proj,layers.14.self_attn.q_proj,0.8,0.0,"[0.0, 0.5]",2048,100,100,0,0.0,0.9995442032814026,0.9988353848457336,0.0
sst2,14,v_proj,layers.14.self_attn.v_proj,0.8,0.0,"[0.0, 0.5]",512,100,100,0,0.0,1.0000584125518799,0.9992209076881409,0.0
sst2,14,up_proj,layers.14.mlp.up_proj,0.8,0.0,"[0.0, 0.5]",2048,100,100,0,0.0,0.997803807258606,0.9588280916213989,0.0
sst2,14,down_proj,layers.14.mlp.down_proj,0.8,0.0,"[0.0, 0.5]",2048,100,100,3,0.03,0.9869896173477173,0.42393720149993896,4.307162284851074
sst2,15,q_proj,layers.15.self_attn.q_proj,0.8,0.0,"[0.0, 0.5]",2048,100,100,0,0.0,0.9995535016059875,0.9988645315170288,0.0
sst2,15,v_proj,layers.15.self_attn.v_proj,0.8,0.0,"[0.0, 0.5]",512,100,100,0,0.0,0.9998857378959656,0.9975250959396362,0.0
sst2,15,up_proj,layers.15.mlp.up_proj,0.8,0.0,"[0.0, 0.5]",2048,100,100,0,0.0,0.9986283779144287,0.9722331762313843,0.0
sst2,15,down_proj,layers.15.mlp.down_proj,0.8,0.0,"[0.0, 0.5]",2048,100,100,0,0.0,0.9988826513290405,0.9864546656608582,0.0
siqa,0,q_proj,layers.0.self_attn.q_proj,0.8,0.0,"[0.0, 0.5]",2048,100,100,0,0.0,0.9993687272071838,0.9982158541679382,0.0
siqa,0,v_proj,layers.0.self_attn.v_proj,0.8,0.0,"[0.0, 0.5]",512,100,100,7,0.07,0.932727575302124,0.6104564666748047,1.5689715147018433
siqa,0,up_proj,layers.0.mlp.up_proj,0.8,0.0,"[0.0, 0.5]",2048,100,100,1,0.01,0.9817975759506226,0.772011399269104,2.3101227283477783
siqa,0,down_proj,layers.0.mlp.down_proj,0.8,0.0,"[0.0, 0.5]",2048,100,100,0,0.0,0.9892378449440002,0.8732309937477112,0.0
siqa,1,q_proj,layers.1.self_attn.q_proj,0.8,0.0,"[0.0, 0.5]",2048,100,100,0,0.0,0.9979759454727173,0.9656844139099121,0.0
siqa,1,v_proj,layers.1.self_attn.v_proj,0.8,0.0,"[0.0, 0.5]",512,100,100,20,0.2,0.9005835056304932,0.5777527093887329,2.690901517868042
siqa,1,up_proj,layers.1.mlp.up_proj,0.8,0.0,"[0.0, 0.5]",2048,100,100,4,0.04,0.9628033638000488,0.5736685395240784,4.48728084564209
siqa,1,down_proj,layers.1.mlp.down_proj,0.8,0.0,"[0.0, 0.5]",2048,100,100,0,0.0,0.9881965517997742,0.8734105825424194,0.0
siqa,2,q_proj,layers.2.self_attn.q_proj,0.8,0.0,"[0.0, 0.5]",2048,100,100,0,0.0,0.9987031817436218,0.9846462607383728,0.0
siqa,2,v_proj,layers.2.self_attn.v_proj,0.8,0.0,"[0.0, 0.5]",512,100,100,12,0.12,0.9362446069717407,0.6677664518356323,2.5004587173461914
siqa,2,up_proj,layers.2.mlp.up_proj,0.8,0.0,"[0.0, 0.5]",2048,100,100,4,0.04,0.9553170800209045,0.7440738677978516,4.230214595794678
siqa,2,down_proj,layers.2.mlp.down_proj,0.8,0.0,"[0.0, 0.5]",2048,100,100,0,0.0,0.9946134090423584,0.9492899775505066,0.0
siqa,3,q_proj,layers.3.self_attn.q_proj,0.8,0.0,"[0.0, 0.5]",2048,100,100,0,0.0,0.9984702467918396,0.9895151853561401,0.0
siqa,3,v_proj,layers.3.self_attn.v_proj,0.8,0.0,"[0.0, 0.5]",512,100,100,2,0.02,0.9615715146064758,0.7104500532150269,1.1347179412841797
siqa,3,up_proj,layers.3.mlp.up_proj,0.8,0.0,"[0.0, 0.5]",2048,100,100,4,0.04,0.968448281288147,0.7675541043281555,4.396450996398926
siqa,3,down_proj,layers.3.mlp.down_proj,0.8,0.0,"[0.0, 0.5]",2048,100,100,0,0.0,0.9947662353515625,0.9683150053024292,0.0
siqa,4,q_proj,layers.4.self_attn.q_proj,0.8,0.0,"[0.0, 0.5]",2048,100,100,0,0.0,0.9985731244087219,0.9863770604133606,0.0
siqa,4,v_proj,layers.4.self_attn.v_proj,0.8,0.0,"[0.0, 0.5]",512,100,100,2,0.02,0.9534680247306824,0.7530587911605835,1.100566029548645
siqa,4,up_proj,layers.4.mlp.up_proj,0.8,0.0,"[0.0, 0.5]",2048,100,100,0,0.0,0.9832088351249695,0.8977299928665161,0.0
siqa,4,down_proj,layers.4.mlp.down_proj,0.8,0.0,"[0.0, 0.5]",2048,100,100,0,0.0,0.993149995803833,0.8229243755340576,0.0
siqa,5,q_proj,layers.5.self_attn.q_proj,0.8,0.0,"[0.0, 0.5]",2048,100,100,0,0.0,0.9982759356498718,0.9912885427474976,0.0
siqa,5,v_proj,layers.5.self_attn.v_proj,0.8,0.0,"[0.0, 0.5]",512,100,100,3,0.03,0.9501785039901733,0.708824098110199,1.1884047985076904
siqa,5,up_proj,layers.5.mlp.up_proj,0.8,0.0,"[0.0, 0.5]",2048,100,100,2,0.02,0.9821570515632629,0.7914109230041504,3.108955144882202
siqa,5,down_proj,layers.5.mlp.down_proj,0.8,0.0,"[0.0, 0.5]",2048,100,100,0,0.0,0.993012011051178,0.8006830215454102,0.0
siqa,6,q_proj,layers.6.self_attn.q_proj,0.8,0.0,"[0.0, 0.5]",2048,100,100,0,0.0,0.9979244470596313,0.9840977191925049,0.0
siqa,6,v_proj,layers.6.self_attn.v_proj,0.8,0.0,"[0.0, 0.5]",512,100,100,0,0.0,0.9727858901023865,0.8529860377311707,0.0
siqa,6,up_proj,layers.6.mlp.up_proj,0.8,0.0,"[0.0, 0.5]",2048,100,100,2,0.02,0.9785229563713074,0.7401692867279053,3.225846290588379
siqa,6,down_proj,layers.6.mlp.down_proj,0.8,0.0,"[0.0, 0.5]",2048,100,100,0,0.0,0.9952888488769531,0.9318016767501831,0.0
siqa,7,q_proj,layers.7.self_attn.q_proj,0.8,0.0,"[0.0, 0.5]",2048,100,100,0,0.0,0.9988635182380676,0.9944421648979187,0.0
siqa,7,v_proj,layers.7.self_attn.v_proj,0.8,0.0,"[0.0, 0.5]",512,100,100,2,0.02,0.9730755090713501,0.7196467518806458,1.264870524406433
siqa,7,up_proj,layers.7.mlp.up_proj,0.8,0.0,"[0.0, 0.5]",2048,100,100,0,0.0,0.9932727217674255,0.823331356048584,0.0
siqa,7,down_proj,layers.7.mlp.down_proj,0.8,0.0,"[0.0, 0.5]",2048,100,100,0,0.0,0.9971621632575989,0.9397154450416565,0.0
siqa,8,q_proj,layers.8.self_attn.q_proj,0.8,0.0,"[0.0, 0.5]",2048,100,100,0,0.0,0.9992278814315796,0.9965183138847351,0.0
siqa,8,v_proj,layers.8.self_attn.v_proj,0.8,0.0,"[0.0, 0.5]",512,100,100,2,0.02,0.9703335762023926,0.7769412398338318,1.1726614236831665
siqa,8,up_proj,layers.8.mlp.up_proj,0.8,0.0,"[0.0, 0.5]",2048,100,100,0,0.0,0.9895381927490234,0.8485340476036072,0.0
siqa,8,down_proj,layers.8.mlp.down_proj,0.8,0.0,"[0.0, 0.5]",2048,100,100,0,0.0,0.9948434233665466,0.8483644723892212,0.0
siqa,9,q_proj,layers.9.self_attn.q_proj,0.8,0.0,"[0.0, 0.5]",2048,100,100,0,0.0,0.9993534684181213,0.9971414804458618,0.0
siqa,9,v_proj,layers.9.self_attn.v_proj,0.8,0.0,"[0.0, 0.5]",512,100,100,2,0.02,0.9635168313980103,0.7010003328323364,1.1478160619735718
siqa,9,up_proj,layers.9.mlp.up_proj,0.8,0.0,"[0.0, 0.5]",2048,100,100,0,0.0,0.9916173815727234,0.9091420769691467,0.0
siqa,9,down_proj,layers.9.mlp.down_proj,0.8,0.0,"[0.0, 0.5]",2048,100,100,0,0.0,0.9966081380844116,0.9301621913909912,0.0
siqa,10,q_proj,layers.10.self_attn.q_proj,0.8,0.0,"[0.0, 0.5]",2048,100,100,0,0.0,0.999347984790802,0.9983751773834229,0.0
siqa,10,v_proj,layers.10.self_attn.v_proj,0.8,0.0,"[0.0, 0.5]",512,100,100,4,0.04,0.9616317749023438,0.6855244040489197,1.4333964586257935
siqa,10,up_proj,layers.10.mlp.up_proj,0.8,0.0,"[0.0, 0.5]",2048,100,100,0,0.0,0.9919444918632507,0.9329306483268738,0.0
siqa,10,down_proj,layers.10.mlp.down_proj,0.8,0.0,"[0.0, 0.5]",2048,100,100,0,0.0,0.9945926070213318,0.9294679760932922,0.0
siqa,11,q_proj,layers.11.self_attn.q_proj,0.8,0.0,"[0.0, 0.5]",2048,100,100,0,0.0,0.9988999366760254,0.9775665998458862,0.0
siqa,11,v_proj,layers.11.self_attn.v_proj,0.8,0.0,"[0.0, 0.5]",512,100,100,0,0.0,0.9821253418922424,0.8955903649330139,0.0
siqa,11,up_proj,layers.11.mlp.up_proj,0.8,0.0,"[0.0, 0.5]",2048,100,100,0,0.0,0.9934131503105164,0.9482808113098145,0.0
siqa,11,down_proj,layers.11.mlp.down_proj,0.8,0.0,"[0.0, 0.5]",2048,100,100,1,0.01,0.9917223453521729,0.797657310962677,2.3086230754852295
siqa,12,q_proj,layers.12.self_attn.q_proj,0.8,0.0,"[0.0, 0.5]",2048,100,100,0,0.0,0.9993717670440674,0.9967916011810303,0.0
siqa,12,v_proj,layers.12.self_attn.v_proj,0.8,0.0,"[0.0, 0.5]",512,100,100,0,0.0,0.9847221374511719,0.854407787322998,0.0
siqa,12,up_proj,layers.12.mlp.up_proj,0.8,0.0,"[0.0, 0.5]",2048,100,100,0,0.0,0.9948242902755737,0.9376639723777771,0.0
siqa,12,down_proj,layers.12.mlp.down_proj,0.8,0.0,"[0.0, 0.5]",2048,100,100,0,0.0,0.996131420135498,0.8903526663780212,0.0
siqa,13,q_proj,layers.13.self_attn.q_proj,0.8,0.0,"[0.0, 0.5]",2048,100,100,0,0.0,0.9992794990539551,0.9969776272773743,0.0
siqa,13,v_proj,layers.13.self_attn.v_proj,0.8,0.0,"[0.0, 0.5]",512,100,100,0,0.0,0.9955507516860962,0.9711031913757324,0.0
siqa,13,up_proj,layers.13.mlp.up_proj,0.8,0.0,"[0.0, 0.5]",2048,100,100,0,0.0,0.9944615364074707,0.845374345779419,0.0
siqa,13,down_proj,layers.13.mlp.down_proj,0.8,0.0,"[0.0, 0.5]",2048,100,100,0,0.0,0.9953300356864929,0.8922000527381897,0.0
siqa,14,q_proj,layers.14.self_attn.q_proj,0.8,0.0,"[0.0, 0.5]",2048,100,100,0,0.0,0.9994239807128906,0.9979062676429749,0.0
siqa,14,v_proj,layers.14.self_attn.v_proj,0.8,0.0,"[0.0, 0.5]",512,100,100,0,0.0,1.0000032186508179,0.9989047050476074,0.0
siqa,14,up_proj,layers.14.mlp.up_proj,0.8,0.0,"[0.0, 0.5]",2048,100,100,0,0.0,0.9968559741973877,0.9437244534492493,0.0
siqa,14,down_proj,layers.14.mlp.down_proj,0.8,0.0,"[0.0, 0.5]",2048,100,100,3,0.03,0.9871189594268799,0.42644262313842773,4.3071699142456055
siqa,15,q_proj,layers.15.self_attn.q_proj,0.8,0.0,"[0.0, 0.5]",2048,100,100,0,0.0,0.9994798302650452,0.9980019330978394,0.0
siqa,15,v_proj,layers.15.self_attn.v_proj,0.8,0.0,"[0.0, 0.5]",512,100,100,0,0.0,0.9998724460601807,0.9983478784561157,0.0
siqa,15,up_proj,layers.15.mlp.up_proj,0.8,0.0,"[0.0, 0.5]",2048,100,100,0,0.0,0.9985630512237549,0.9735217094421387,0.0
siqa,15,down_proj,layers.15.mlp.down_proj,0.8,0.0,"[0.0, 0.5]",2048,100,100,0,0.0,0.99798184633255,0.9733620882034302,0.0
winogrande,0,q_proj,layers.0.self_attn.q_proj,0.8,0.0,"[0.0, 0.5]",2048,100,100,0,0.0,0.9991818070411682,0.9919862747192383,0.0
winogrande,0,v_proj,layers.0.self_attn.v_proj,0.8,0.0,"[0.0, 0.5]",512,100,100,9,0.09,0.9290378093719482,0.6040266752243042,1.768674612045288
winogrande,0,up_proj,layers.0.mlp.up_proj,0.8,0.0,"[0.0, 0.5]",2048,100,100,1,0.01,0.9830335378646851,0.7983526587486267,2.3100171089172363
winogrande,0,down_proj,layers.0.mlp.down_proj,0.8,0.0,"[0.0, 0.5]",2048,100,100,0,0.0,0.9865649342536926,0.8241794109344482,0.0
winogrande,1,q_proj,layers.1.self_attn.q_proj,0.8,0.0,"[0.0, 0.5]",2048,100,100,0,0.0,0.9977981448173523,0.9733431339263916,0.0
winogrande,1,v_proj,layers.1.self_attn.v_proj,0.8,0.0,"[0.0, 0.5]",512,100,100,19,0.19,0.8992029428482056,0.49893686175346375,2.6110527515411377
winogrande,1,up_proj,layers.1.mlp.up_proj,0.8,0.0,"[0.0, 0.5]",2048,100,100,2,0.02,0.9704053401947021,0.7171158790588379,3.1249589920043945
winogrande,1,down_proj,layers.1.mlp.down_proj,0.8,0.0,"[0.0, 0.5]",2048,100,100,0,0.0,0.9873844981193542,0.8499798774719238,0.0
winogrande,2,q_proj,layers.2.self_attn.q_proj,0.8,0.0,"[0.0, 0.5]",2048,100,100,0,0.0,0.9986317157745361,0.987175464630127,0.0
winogrande,2,v_proj,layers.2.self_attn.v_proj,0.8,0.0,"[0.0, 0.5]",512,100,100,11,0.11,0.9354782104492188,0.5958386063575745,2.3112783432006836
winogrande,2,up_proj,layers.2.mlp.up_proj,0.8,0.0,"[0.0, 0.5]",2048,100,100,4,0.04,0.9547222852706909,0.7581425309181213,4.230360984802246
winogrande,2,down_proj,layers.2.mlp.down_proj,0.8,0.0,"[0.0, 0.5]",2048,100,100,0,0.0,0.9948021769523621,0.9603928923606873,0.0
winogrande,3,q_proj,layers.3.self_attn.q_proj,0.8,0.0,"[0.0, 0.5]",2048,100,100,0,0.0,0.998434841632843,0.9896224141120911,0.0
winogrande,3,v_proj,layers.3.self_attn.v_proj,0.8,0.0,"[0.0, 0.5]",512,100,100,0,0.0,0.961391270160675,0.8044889569282532,0.0
winogrande,3,up_proj,layers.3.mlp.up_proj,0.8,0.0,"[0.0, 0.5]",2048,100,100,2,0.02,0.9657854437828064,0.7059611082077026,3.0552377700805664
winogrande,3,down_proj,layers.3.mlp.down_proj,0.8,0.0,"[0.0, 0.5]",2048,100,100,0,0.0,0.9923765063285828,0.8751375675201416,0.0
winogrande,4,q_proj,layers.4.self_attn.q_proj,0.8,0.0,"[0.0, 0.5]",2048,100,100,0,0.0,0.9982123374938965,0.9735053777694702,0.0
winogrande,4,v_proj,layers.4.self_attn.v_proj,0.8,0.0,"[0.0, 0.5]",512,100,100,4,0.04,0.9517543315887451,0.748062014579773,1.5537489652633667
winogrande,4,up_proj,layers.4.mlp.up_proj,0.8,0.0,"[0.0, 0.5]",2048,100,100,0,0.0,0.978485107421875,0.8569024801254272,0.0
winogrande,4,down_proj,layers.4.mlp.down_proj,0.8,0.0,"[0.0, 0.5]",2048,100,100,2,0.02,0.9899477362632751,0.7208495140075684,3.2310738563537598
winogrande,5,q_proj,layers.5.self_attn.q_proj,0.8,0.0,"[0.0, 0.5]",2048,100,100,0,0.0,0.9981095194816589,0.9823760390281677,0.0
winogrande,5,v_proj,layers.5.self_attn.v_proj,0.8,0.0,"[0.0, 0.5]",512,100,100,5,0.05,0.9489210247993469,0.6926834583282471,1.500612735748291
winogrande,5,up_proj,layers.5.mlp.up_proj,0.8,0.0,"[0.0, 0.5]",2048,100,100,2,0.02,0.9776120185852051,0.7650190591812134,3.049168825149536
winogrande,5,down_proj,layers.5.mlp.down_proj,0.8,0.0,"[0.0, 0.5]",2048,100,100,0,0.0,0.9935371279716492,0.830876886844635,0.0
winogrande,6,q_proj,layers.6.self_attn.q_proj,0.8,0.0,"[0.0, 0.5]",2048,100,100,0,0.0,0.9977632164955139,0.9725498557090759,0.0
winogrande,6,v_proj,layers.6.self_attn.v_proj,0.8,0.0,"[0.0, 0.5]",512,100,100,0,0.0,0.9685177803039551,0.8646344542503357,0.0
winogrande,6,up_proj,layers.6.mlp.up_proj,0.8,0.0,"[0.0, 0.5]",2048,100,100,2,0.02,0.9794405102729797,0.7534379959106445,3.2258152961730957
winogrande,6,down_proj,layers.6.mlp.down_proj,0.8,0.0,"[0.0, 0.5]",2048,100,100,0,0.0,0.9962904453277588,0.9642006158828735,0.0
winogrande,7,q_proj,layers.7.self_attn.q_proj,0.8,0.0,"[0.0, 0.5]",2048,100,100,0,0.0,0.9989467859268188,0.9943920969963074,0.0
winogrande,7,v_proj,layers.7.self_attn.v_proj,0.8,0.0,"[0.0, 0.5]",512,100,100,2,0.02,0.9734399318695068,0.7222684621810913,1.2649132013320923
winogrande,7,up_proj,layers.7.mlp.up_proj,0.8,0.0,"[0.0, 0.5]",2048,100,100,0,0.0,0.9929453134536743,0.8208390474319458,0.0
winogrande,7,down_proj,layers.7.mlp.down_proj,0.8,0.0,"[0.0, 0.5]",2048,100,100,0,0.0,0.9971177577972412,0.9328096508979797,0.0
winogrande,8,q_proj,layers.8.self_attn.q_proj,0.8,0.0,"[0.0, 0.5]",2048,100,100,0,0.0,0.9991878271102905,0.9970296621322632,0.0
winogrande,8,v_proj,layers.8.self_attn.v_proj,0.8,0.0,"[0.0, 0.5]",512,100,100,1,0.01,0.9714202880859375,0.7954443693161011,0.8287801146507263
winogrande,8,up_proj,layers.8.mlp.up_proj,0.8,0.0,"[0.0, 0.5]",2048,100,100,0,0.0,0.9896441698074341,0.8776280283927917,0.0
winogrande,8,down_proj,layers.8.mlp.down_proj,0.8,0.0,"[0.0, 0.5]",2048,100,100,0,0.0,0.9960051774978638,0.8967707753181458,0.0
winogrande,9,q_proj,layers.9.self_attn.q_proj,0.8,0.0,"[0.0, 0.5]",2048,100,100,0,0.0,0.9993827939033508,0.9981616139411926,0.0
winogrande,9,v_proj,layers.9.self_attn.v_proj,0.8,0.0,"[0.0, 0.5]",512,100,100,0,0.0,0.9645524621009827,0.8077151775360107,0.0
winogrande,9,up_proj,layers.9.mlp.up_proj,0.8,0.0,"[0.0, 0.5]",2048,100,100,0,0.0,0.9904589653015137,0.894485354423523,0.0
winogrande,9,down_proj,layers.9.mlp.down_proj,0.8,0.0,"[0.0, 0.5]",2048,100,100,0,0.0,0.9952921867370605,0.9322068095207214,0.0
winogrande,10,q_proj,layers.10.self_attn.q_proj,0.8,0.0,"[0.0, 0.5]",2048,100,100,0,0.0,0.9993367791175842,0.9971275329589844,0.0
winogrande,10,v_proj,layers.10.self_attn.v_proj,0.8,0.0,"[0.0, 0.5]",512,100,100,4,0.04,0.9583684802055359,0.6733300089836121,1.433309555053711
winogrande,10,up_proj,layers.10.mlp.up_proj,0.8,0.0,"[0.0, 0.5]",2048,100,100,0,0.0,0.9930345416069031,0.9469321370124817,0.0
winogrande,10,down_proj,layers.10.mlp.down_proj,0.8,0.0,"[0.0, 0.5]",2048,100,100,0,0.0,0.9919841885566711,0.8562780022621155,0.0
winogrande,11,q_proj,layers.11.self_attn.q_proj,0.8,0.0,"[0.0, 0.5]",2048,100,100,0,0.0,0.9986583590507507,0.963968813419342,0.0
winogrande,11,v_proj,layers.11.self_attn.v_proj,0.8,0.0,"[0.0, 0.5]",512,100,100,0,0.0,0.9831187725067139,0.9120239019393921,0.0
winogrande,11,up_proj,layers.11.mlp.up_proj,0.8,0.0,"[0.0, 0.5]",2048,100,100,0,0.0,0.9920697212219238,0.9481756687164307,0.0
winogrande,11,down_proj,layers.11.mlp.down_proj,0.8,0.0,"[0.0, 0.5]",2048,100,100,2,0.02,0.9894052147865295,0.7080150842666626,3.265366792678833
winogrande,12,q_proj,layers.12.self_attn.q_proj,0.8,0.0,"[0.0, 0.5]",2048,100,100,0,0.0,0.9992533922195435,0.9935339689254761,0.0
winogrande,12,v_proj,layers.12.self_attn.v_proj,0.8,0.0,"[0.0, 0.5]",512,100,100,2,0.02,0.9797807335853577,0.7835966944694519,1.1522444486618042
winogrande,12,up_proj,layers.12.mlp.up_proj,0.8,0.0,"[0.0, 0.5]",2048,100,100,2,0.02,0.9915305376052856,0.7817065715789795,3.6606061458587646
winogrande,12,down_proj,layers.12.mlp.down_proj,0.8,0.0,"[0.0, 0.5]",2048,100,100,0,0.0,0.9943398237228394,0.882632851600647,0.0
winogrande,13,q_proj,layers.13.self_attn.q_proj,0.8,0.0,"[0.0, 0.5]",2048,100,100,0,0.0,0.9992868304252625,0.9964331984519958,0.0
winogrande,13,v_proj,layers.13.self_attn.v_proj,0.8,0.0,"[0.0, 0.5]",512,100,100,0,0.0,0.9952095150947571,0.9719933867454529,0.0
winogrande,13,up_proj,layers.13.mlp.up_proj,0.8,0.0,"[0.0, 0.5]",2048,100,100,0,0.0,0.9954441785812378,0.9015398621559143,0.0
winogrande,13,down_proj,layers.13.mlp.down_proj,0.8,0.0,"[0.0, 0.5]",2048,100,100,0,0.0,0.9950714111328125,0.8664376139640808,0.0
winogrande,14,q_proj,layers.14.self_attn.q_proj,0.8,0.0,"[0.0, 0.5]",2048,100,100,0,0.0,0.9994247555732727,0.9981174468994141,0.0
winogrande,14,v_proj,layers.14.self_attn.v_proj,0.8,0.0,"[0.0, 0.5]",512,100,100,0,0.0,0.9999690055847168,0.9982826709747314,0.0
winogrande,14,up_proj,layers.14.mlp.up_proj,0.8,0.0,"[0.0, 0.5]",2048,100,100,0,0.0,0.9969583749771118,0.9475571513175964,0.0
winogrande,14,down_proj,layers.14.mlp.down_proj,0.8,0.0,"[0.0, 0.5]",2048,100,100,1,0.01,0.9880390167236328,0.5038061141967773,2.4283828735351562
winogrande,15,q_proj,layers.15.self_attn.q_proj,0.8,0.0,"[0.0, 0.5]",2048,100,100,0,0.0,0.9994518756866455,0.9974534511566162,0.0
winogrande,15,v_proj,layers.15.self_attn.v_proj,0.8,0.0,"[0.0, 0.5]",512,100,100,0,0.0,0.9997256994247437,0.9965811967849731,0.0
winogrande,15,up_proj,layers.15.mlp.up_proj,0.8,0.0,"[0.0, 0.5]",2048,100,100,0,0.0,0.9986406564712524,0.9842430353164673,0.0
winogrande,15,down_proj,layers.15.mlp.down_proj,0.8,0.0,"[0.0, 0.5]",2048,100,100,0,0.0,0.9972886443138123,0.9781225919723511,0.0
fever,0,q_proj,layers.0.self_attn.q_proj,0.8,0.0,"[0.0, 0.5]",2048,100,100,0,0.0,0.9993247985839844,0.9975666403770447,0.0
fever,0,v_proj,layers.0.self_attn.v_proj,0.8,0.0,"[0.0, 0.5]",512,100,100,14,0.14,0.9198741912841797,0.672076940536499,2.242576837539673
fever,0,up_proj,layers.0.mlp.up_proj,0.8,0.0,"[0.0, 0.5]",2048,100,100,1,0.01,0.9790539741516113,0.7688161134719849,2.3103175163269043
fever,0,down_proj,layers.0.mlp.down_proj,0.8,0.0,"[0.0, 0.5]",2048,100,100,0,0.0,0.9824510216712952,0.8139590620994568,0.0
fever,1,q_proj,layers.1.self_attn.q_proj,0.8,0.0,"[0.0, 0.5]",2048,100,100,0,0.0,0.9975134134292603,0.9707815647125244,0.0
fever,1,v_proj,layers.1.self_attn.v_proj,0.8,0.0,"[0.0, 0.5]",512,100,100,16,0.16,0.8991760015487671,0.5293077230453491,2.403913974761963
fever,1,up_proj,layers.1.mlp.up_proj,0.8,0.0,"[0.0, 0.5]",2048,100,100,2,0.02,0.9703567624092102,0.7796440124511719,3.2009835243225098
fever,1,down_proj,layers.1.mlp.down_proj,0.8,0.0,"[0.0, 0.5]",2048,100,100,1,0.01,0.9829800128936768,0.7873597145080566,2.2201342582702637
fever,2,q_proj,layers.2.self_attn.q_proj,0.8,0.0,"[0.0, 0.5]",2048,100,100,0,0.0,0.9983115196228027,0.9767264723777771,0.0
fever,2,v_proj,layers.2.self_attn.v_proj,0.8,0.0,"[0.0, 0.5]",512,100,100,16,0.16,0.9208226203918457,0.6514363288879395,2.822524070739746
fever,2,up_proj,layers.2.mlp.up_proj,0.8,0.0,"[0.0, 0.5]",2048,100,100,4,0.04,0.9520825147628784,0.7105326056480408,4.2601847648620605
fever,2,down_proj,layers.2.mlp.down_proj,0.8,0.0,"[0.0, 0.5]",2048,100,100,0,0.0,0.9910221099853516,0.8588234186172485,0.0
fever,3,q_proj,layers.3.self_attn.q_proj,0.8,0.0,"[0.0, 0.5]",2048,100,100,0,0.0,0.9981390237808228,0.9859341979026794,0.0
fever,3,v_proj,layers.3.self_attn.v_proj,0.8,0.0,"[0.0, 0.5]",512,100,100,4,0.04,0.9520389437675476,0.6796491742134094,1.5927644968032837
fever,3,up_proj,layers.3.mlp.up_proj,0.8,0.0,"[0.0, 0.5]",2048,100,100,6,0.06,0.9583437442779541,0.7360612750053406,5.1962690353393555
fever,3,down_proj,layers.3.mlp.down_proj,0.8,0.0,"[0.0, 0.5]",2048,100,100,0,0.0,0.9910119771957397,0.9260209202766418,0.0
fever,4,q_proj,layers.4.self_attn.q_proj,0.8,0.0,"[0.0, 0.5]",2048,100,100,0,0.0,0.9983749985694885,0.9804955124855042,0.0
fever,4,v_proj,layers.4.self_attn.v_proj,0.8,0.0,"[0.0, 0.5]",512,100,100,6,0.06,0.9382759928703308,0.7174009084701538,1.8882334232330322
fever,4,up_proj,layers.4.mlp.up_proj,0.8,0.0,"[0.0, 0.5]",2048,100,100,1,0.01,0.9746173024177551,0.773962676525116,2.0699105262756348
fever,4,down_proj,layers.4.mlp.down_proj,0.8,0.0,"[0.0, 0.5]",2048,100,100,0,0.0,0.9929790496826172,0.9246298670768738,0.0
fever,5,q_proj,layers.5.self_attn.q_proj,0.8,0.0,"[0.0, 0.5]",2048,100,100,0,0.0,0.9980924725532532,0.9883403778076172,0.0
fever,5,v_proj,layers.5.self_attn.v_proj,0.8,0.0,"[0.0, 0.5]",512,100,100,5,0.05,0.943817675113678,0.7137850522994995,1.5208156108856201
fever,5,up_proj,layers.5.mlp.up_proj,0.8,0.0,"[0.0, 0.5]",2048,100,100,2,0.02,0.9759847521781921,0.7414582371711731,3.0490942001342773
fever,5,down_proj,layers.5.mlp.down_proj,0.8,0.0,"[0.0, 0.5]",2048,100,100,2,0.02,0.9918146729469299,0.759314775466919,3.248849630355835
fever,6,q_proj,layers.6.self_attn.q_proj,0.8,0.0,"[0.0, 0.5]",2048,100,100,0,0.0,0.9977812170982361,0.9809966087341309,0.0
fever,6,v_proj,layers.6.self_attn.v_proj,0.8,0.0,"[0.0, 0.5]",512,100,100,0,0.0,0.9573802947998047,0.8044050335884094,0.0
fever,6,up_proj,layers.6.mlp.up_proj,0.8,0.0,"[0.0, 0.5]",2048,100,100,0,0.0,0.9810073971748352,0.8128796815872192,0.0
fever,6,down_proj,layers.6.mlp.down_proj,0.8,0.0,"[0.0, 0.5]",2048,100,100,0,0.0,0.99517822265625,0.9710250496864319,0.0
fever,7,q_proj,layers.7.self_attn.q_proj,0.8,0.0,"[0.0, 0.5]",2048,100,100,0,0.0,0.998579204082489,0.981166660785675,0.0
fever,7,v_proj,layers.7.self_attn.v_proj,0.8,0.0,"[0.0, 0.5]",512,100,100,4,0.04,0.967612624168396,0.7397992014884949,1.8382648229599
fever,7,up_proj,layers.7.mlp.up_proj,0.8,0.0,"[0.0, 0.5]",2048,100,100,2,0.02,0.9903796315193176,0.7397523522377014,4.173822402954102
fever,7,down_proj,layers.7.mlp.down_proj,0.8,0.0,"[0.0, 0.5]",2048,100,100,0,0.0,0.9977736473083496,0.9605209827423096,0.0
fever,8,q_proj,layers.8.self_attn.q_proj,0.8,0.0,"[0.0, 0.5]",2048,100,100,0,0.0,0.999143660068512,0.9964831471443176,0.0
fever,8,v_proj,layers.8.self_attn.v_proj,0.8,0.0,"[0.0, 0.5]",512,100,100,2,0.02,0.9652617573738098,0.723747730255127,1.1725198030471802
fever,8,up_proj,layers.8.mlp.up_proj,0.8,0.0,"[0.0, 0.5]",2048,100,100,0,0.0,0.9918335676193237,0.9500263333320618,0.0
fever,8,down_proj,layers.8.mlp.down_proj,0.8,0.0,"[0.0, 0.5]",2048,100,100,0,0.0,0.9951397776603699,0.9324365854263306,0.0
fever,9,q_proj,layers.9.self_attn.q_proj,0.8,0.0,"[0.0, 0.5]",2048,100,100,0,0.0,0.9993021488189697,0.9962199330329895,0.0
fever,9,v_proj,layers.9.self_attn.v_proj,0.8,0.0,"[0.0, 0.5]",512,100,100,2,0.02,0.958994448184967,0.709660530090332,1.120079755783081
fever,9,up_proj,layers.9.mlp.up_proj,0.8,0.0,"[0.0, 0.5]",2048,100,100,0,0.0,0.9905163645744324,0.8815141916275024,0.0
fever,9,down_proj,layers.9.mlp.down_proj,0.8,0.0,"[0.0, 0.5]",2048,100,100,0,0.0,0.9957076907157898,0.9313585162162781,0.0
fever,10,q_proj,layers.10.self_attn.q_proj,0.8,0.0,"[0.0, 0.5]",2048,100,100,0,0.0,0.9993932843208313,0.99854975938797,0.0
fever,10,v_proj,layers.10.self_attn.v_proj,0.8,0.0,"[0.0, 0.5]",512,100,100,8,0.08,0.9556991457939148,0.7136132717132568,2.073704481124878
fever,10,up_proj,layers.10.mlp.up_proj,0.8,0.0,"[0.0, 0.5]",2048,100,100,2,0.02,0.9868512153625488,0.7171984910964966,3.4034979343414307
fever,10,down_proj,layers.10.mlp.down_proj,0.8,0.0,"[0.0, 0.5]",2048,100,100,0,0.0,0.9880809187889099,0.8453388214111328,0.0
fever,11,q_proj,layers.11.self_attn.q_proj,0.8,0.0,"[0.0, 0.5]",2048,100,100,0,0.0,0.9980228543281555,0.9364140629768372,0.0
fever,11,v_proj,layers.11.self_attn.v_proj,0.8,0.0,"[0.0, 0.5]",512,100,100,0,0.0,0.9795742034912109,0.8955895304679871,0.0
fever,11,up_proj,layers.11.mlp.up_proj,0.8,0.0,"[0.0, 0.5]",2048,100,100,0,0.0,0.9897953867912292,0.907917857170105,0.0
fever,11,down_proj,layers.11.mlp.down_proj,0.8,0.0,"[0.0, 0.5]",2048,100,100,3,0.03,0.9851300120353699,0.7687301635742188,4.00198221206665
fever,12,q_proj,layers.12.self_attn.q_proj,0.8,0.0,"[0.0, 0.5]",2048,100,100,0,0.0,0.9992894530296326,0.9975177645683289,0.0
fever,12,v_proj,layers.12.self_attn.v_proj,0.8,0.0,"[0.0, 0.5]",512,100,100,4,0.04,0.9751114845275879,0.7397630214691162,1.6657003164291382
fever,12,up_proj,layers.12.mlp.up_proj,0.8,0.0,"[0.0, 0.5]",2048,100,100,0,0.0,0.990328848361969,0.8100183606147766,0.0
fever,12,down_proj,layers.12.mlp.down_proj,0.8,0.0,"[0.0, 0.5]",2048,100,100,0,0.0,0.9939089417457581,0.85703045129776,0.0
fever,13,q_proj,layers.13.self_attn.q_proj,0.8,0.0,"[0.0, 0.5]",2048,100,100,0,0.0,0.9992247819900513,0.9964354634284973,0.0
fever,13,v_proj,layers.13.self_attn.v_proj,0.8,0.0,"[0.0, 0.5]",512,100,100,0,0.0,0.9927378296852112,0.949795663356781,0.0
fever,13,up_proj,layers.13.mlp.up_proj,0.8,0.0,"[0.0, 0.5]",2048,100,100,1,0.01,0.9913060069084167,0.633892834186554,2.499263286590576
fever,13,down_proj,layers.13.mlp.down_proj,0.8,0.0,"[0.0, 0.5]",2048,100,100,0,0.0,0.995404064655304,0.9330790042877197,0.0
fever,14,q_proj,layers.14.self_attn.q_proj,0.8,0.0,"[0.0, 0.5]",2048,100,100,0,0.0,0.9994218349456787,0.997753381729126,0.0
fever,14,v_proj,layers.14.self_attn.v_proj,0.8,0.0,"[0.0, 0.5]",512,100,100,0,0.0,0.9997798800468445,0.9943583607673645,0.0
fever,14,up_proj,layers.14.mlp.up_proj,0.8,0.0,"[0.0, 0.5]",2048,100,100,0,0.0,0.9955495595932007,0.956031858921051,0.0
fever,14,down_proj,layers.14.mlp.down_proj,0.8,0.0,"[0.0, 0.5]",2048,100,100,1,0.01,0.9851463437080383,0.45956355333328247,2.4285552501678467
fever,15,q_proj,layers.15.self_attn.q_proj,0.8,0.0,"[0.0, 0.5]",2048,100,100,0,0.0,0.9994730949401855,0.9981240034103394,0.0
fever,15,v_proj,layers.15.self_attn.v_proj,0.8,0.0,"[0.0, 0.5]",512,100,100,0,0.0,0.9994800090789795,0.994781494140625,0.0
fever,15,up_proj,layers.15.mlp.up_proj,0.8,0.0,"[0.0, 0.5]",2048,100,100,0,0.0,0.9986240863800049,0.9912153482437134,0.0
fever,15,down_proj,layers.15.mlp.down_proj,0.8,0.0,"[0.0, 0.5]",2048,100,100,0,0.0,0.9955830574035645,0.9752708077430725,0.0
