method,stage,adapter_eval_mode,layer,module,pretrained_top_k,top_k,epsilon,num_intruders,mean_max_similarity
full,fever,n/a,0,q_proj,150,150,0.8,0,0.9967592358589172
full,fever,n/a,0,v_proj,150,150,0.8,21,0.9063493013381958
full,fever,n/a,0,up_proj,150,150,0.8,5,0.9641023874282837
full,fever,n/a,0,down_proj,150,150,0.8,4,0.9548342823982239
full,fever,n/a,8,q_proj,150,150,0.8,0,0.9990686178207397
full,fever,n/a,8,v_proj,150,150,0.8,6,0.9537261128425598
full,fever,n/a,8,up_proj,150,150,0.8,0,0.9841697216033936
full,fever,n/a,8,down_proj,150,150,0.8,0,0.986947238445282
full,fever,n/a,15,q_proj,150,150,0.8,0,0.9996309280395508
full,fever,n/a,15,v_proj,150,150,0.8,0,0.9965453147888184
full,fever,n/a,15,up_proj,150,150,0.8,0,0.9981289505958557
full,fever,n/a,15,down_proj,150,150,0.8,0,0.9922938942909241
full,mnli,n/a,0,q_proj,150,150,0.8,0,0.999606728553772
full,mnli,n/a,0,v_proj,150,150,0.8,2,0.9780625700950623
full,mnli,n/a,0,up_proj,150,150,0.8,0,0.9906846880912781
full,mnli,n/a,0,down_proj,150,150,0.8,0,0.9940351247787476
full,mnli,n/a,8,q_proj,150,150,0.8,0,0.9998341798782349
full,mnli,n/a,8,v_proj,150,150,0.8,2,0.981300950050354
full,mnli,n/a,8,up_proj,150,150,0.8,0,0.9974486231803894
full,mnli,n/a,8,down_proj,150,150,0.8,0,0.997475266456604
full,mnli,n/a,15,q_proj,150,150,0.8,0,0.9999356865882874
full,mnli,n/a,15,v_proj,150,150,0.8,0,0.9997745752334595
full,mnli,n/a,15,up_proj,150,150,0.8,0,0.9997625946998596
full,mnli,n/a,15,down_proj,150,150,0.8,0,0.9989145994186401
full,qqp,n/a,0,q_proj,150,150,0.8,0,0.9992884397506714
full,qqp,n/a,0,v_proj,150,150,0.8,3,0.9666764140129089
full,qqp,n/a,0,up_proj,150,150,0.8,0,0.9854137301445007
full,qqp,n/a,0,down_proj,150,150,0.8,2,0.9867236614227295
full,qqp,n/a,8,q_proj,150,150,0.8,0,0.9996935129165649
full,qqp,n/a,8,v_proj,150,150,0.8,2,0.9785404205322266
full,qqp,n/a,8,up_proj,150,150,0.8,0,0.9968795776367188
full,qqp,n/a,8,down_proj,150,150,0.8,0,0.9956914186477661
full,qqp,n/a,15,q_proj,150,150,0.8,0,0.9998832941055298
full,qqp,n/a,15,v_proj,150,150,0.8,0,0.9993932843208313
full,qqp,n/a,15,up_proj,150,150,0.8,0,0.9995500445365906
full,qqp,n/a,15,down_proj,150,150,0.8,0,0.9987358450889587
full,siqa,n/a,0,q_proj,150,150,0.8,0,0.9981833696365356
full,siqa,n/a,0,v_proj,150,150,0.8,14,0.9219465851783752
full,siqa,n/a,0,up_proj,150,150,0.8,2,0.970223605632782
full,siqa,n/a,0,down_proj,150,150,0.8,4,0.9693762063980103
full,siqa,n/a,8,q_proj,150,150,0.8,0,0.9992701411247253
full,siqa,n/a,8,v_proj,150,150,0.8,7,0.9629440307617188
full,siqa,n/a,8,up_proj,150,150,0.8,0,0.9868940114974976
full,siqa,n/a,8,down_proj,150,150,0.8,0,0.9923999309539795
full,siqa,n/a,15,q_proj,150,150,0.8,0,0.9998039603233337
full,siqa,n/a,15,v_proj,150,150,0.8,0,0.9986782073974609
full,siqa,n/a,15,up_proj,150,150,0.8,0,0.999005913734436
full,siqa,n/a,15,down_proj,150,150,0.8,0,0.995650053024292
full,sst2,n/a,0,q_proj,150,150,0.8,0,0.9989962577819824
full,sst2,n/a,0,v_proj,150,150,0.8,13,0.9373192191123962
full,sst2,n/a,0,up_proj,150,150,0.8,5,0.974169909954071
full,sst2,n/a,0,down_proj,150,150,0.8,6,0.9729917645454407
full,sst2,n/a,8,q_proj,150,150,0.8,0,0.9994567632675171
full,sst2,n/a,8,v_proj,150,150,0.8,7,0.9709808230400085
full,sst2,n/a,8,up_proj,150,150,0.8,0,0.9926835298538208
full,sst2,n/a,8,down_proj,150,150,0.8,0,0.9941319823265076
full,sst2,n/a,15,q_proj,150,150,0.8,0,0.9998495578765869
full,sst2,n/a,15,v_proj,150,150,0.8,0,0.9991174340248108
full,sst2,n/a,15,up_proj,150,150,0.8,0,0.9992631077766418
full,sst2,n/a,15,down_proj,150,150,0.8,0,0.9972971677780151
full,winogrande,n/a,0,q_proj,150,150,0.8,0,0.998330295085907
full,winogrande,n/a,0,v_proj,150,150,0.8,16,0.917019248008728
full,winogrande,n/a,0,up_proj,150,150,0.8,3,0.9689556956291199
full,winogrande,n/a,0,down_proj,150,150,0.8,7,0.9617588520050049
full,winogrande,n/a,8,q_proj,150,150,0.8,0,0.9992424249649048
full,winogrande,n/a,8,v_proj,150,150,0.8,7,0.9623414874076843
full,winogrande,n/a,8,up_proj,150,150,0.8,0,0.9866328835487366
full,winogrande,n/a,8,down_proj,150,150,0.8,0,0.9894410967826843
full,winogrande,n/a,15,q_proj,150,150,0.8,0,0.9997499585151672
full,winogrande,n/a,15,v_proj,150,150,0.8,0,0.9979686737060547
full,winogrande,n/a,15,up_proj,150,150,0.8,0,0.9983673095703125
full,winogrande,n/a,15,down_proj,150,150,0.8,0,0.9946177005767822
single_lora,fever,n/a,0,q_proj,150,150,0.8,0,0.9988252520561218
single_lora,fever,n/a,0,v_proj,150,150,0.8,0,0.989483654499054
single_lora,fever,n/a,0,up_proj,150,150,0.8,0,0.9940108060836792
single_lora,fever,n/a,0,down_proj,150,150,0.8,0,0.9949674606323242
single_lora,fever,n/a,8,q_proj,150,150,0.8,0,0.9994568824768066
single_lora,fever,n/a,8,v_proj,150,150,0.8,0,0.9887920022010803
single_lora,fever,n/a,8,up_proj,150,150,0.8,0,0.9927938580513
single_lora,fever,n/a,8,down_proj,150,150,0.8,0,0.9982718825340271
single_lora,fever,n/a,15,q_proj,150,150,0.8,0,0.9997574687004089
single_lora,fever,n/a,15,v_proj,150,150,0.8,0,0.9994174242019653
single_lora,fever,n/a,15,up_proj,150,150,0.8,0,0.9987932443618774
single_lora,fever,n/a,15,down_proj,150,150,0.8,0,0.9995778203010559
single_lora,mnli,n/a,0,q_proj,150,150,0.8,0,0.9998127222061157
single_lora,mnli,n/a,0,v_proj,150,150,0.8,0,0.996272087097168
single_lora,mnli,n/a,0,up_proj,150,150,0.8,0,0.9984390139579773
single_lora,mnli,n/a,0,down_proj,150,150,0.8,0,0.9978526830673218
single_lora,mnli,n/a,8,q_proj,150,150,0.8,0,0.9997640252113342
single_lora,mnli,n/a,8,v_proj,150,150,0.8,0,0.9943082928657532
single_lora,mnli,n/a,8,up_proj,150,150,0.8,0,0.9979337453842163
single_lora,mnli,n/a,8,down_proj,150,150,0.8,0,0.9995833039283752
single_lora,mnli,n/a,15,q_proj,150,150,0.8,0,0.9999516606330872
single_lora,mnli,n/a,15,v_proj,150,150,0.8,0,0.9998327493667603
single_lora,mnli,n/a,15,up_proj,150,150,0.8,0,0.99960857629776
single_lora,mnli,n/a,15,down_proj,150,150,0.8,0,0.9998497366905212
single_lora,qqp,n/a,0,q_proj,150,150,0.8,0,0.9997341632843018
single_lora,qqp,n/a,0,v_proj,150,150,0.8,0,0.9956910014152527
single_lora,qqp,n/a,0,up_proj,150,150,0.8,0,0.9969761967658997
single_lora,qqp,n/a,0,down_proj,150,150,0.8,0,0.9973700046539307
single_lora,qqp,n/a,8,q_proj,150,150,0.8,0,0.9997204542160034
single_lora,qqp,n/a,8,v_proj,150,150,0.8,0,0.9933698773384094
single_lora,qqp,n/a,8,up_proj,150,150,0.8,0,0.9961997270584106
single_lora,qqp,n/a,8,down_proj,150,150,0.8,0,0.9995647072792053
single_lora,qqp,n/a,15,q_proj,150,150,0.8,0,0.9999287724494934
single_lora,qqp,n/a,15,v_proj,150,150,0.8,0,0.9997613430023193
single_lora,qqp,n/a,15,up_proj,150,150,0.8,0,0.9994580149650574
single_lora,qqp,n/a,15,down_proj,150,150,0.8,0,0.9998568892478943
single_lora,siqa,n/a,0,q_proj,150,150,0.8,0,0.9991399049758911
single_lora,siqa,n/a,0,v_proj,150,150,0.8,0,0.9920690655708313
single_lora,siqa,n/a,0,up_proj,150,150,0.8,0,0.9958507418632507
single_lora,siqa,n/a,0,down_proj,150,150,0.8,0,0.9970302581787109
single_lora,siqa,n/a,8,q_proj,150,150,0.8,0,0.9995269775390625
single_lora,siqa,n/a,8,v_proj,150,150,0.8,2,0.988633930683136
single_lora,siqa,n/a,8,up_proj,150,150,0.8,0,0.9924470782279968
single_lora,siqa,n/a,8,down_proj,150,150,0.8,0,0.9989282488822937
single_lora,siqa,n/a,15,q_proj,150,150,0.8,0,0.9997586011886597
single_lora,siqa,n/a,15,v_proj,150,150,0.8,0,0.9995390772819519
single_lora,siqa,n/a,15,up_proj,150,150,0.8,0,0.999031662940979
single_lora,siqa,n/a,15,down_proj,150,150,0.8,0,0.999821662902832
single_lora,sst2,n/a,0,q_proj,150,150,0.8,0,0.9995622038841248
single_lora,sst2,n/a,0,v_proj,150,150,0.8,0,0.9946640133857727
single_lora,sst2,n/a,0,up_proj,150,150,0.8,0,0.9963973760604858
single_lora,sst2,n/a,0,down_proj,150,150,0.8,0,0.9974442720413208
single_lora,sst2,n/a,8,q_proj,150,150,0.8,0,0.9996693730354309
single_lora,sst2,n/a,8,v_proj,150,150,0.8,0,0.9928361177444458
single_lora,sst2,n/a,8,up_proj,150,150,0.8,0,0.995863676071167
single_lora,sst2,n/a,8,down_proj,150,150,0.8,0,0.999525785446167
single_lora,sst2,n/a,15,q_proj,150,150,0.8,0,0.9998608231544495
single_lora,sst2,n/a,15,v_proj,150,150,0.8,0,0.9997143745422363
single_lora,sst2,n/a,15,up_proj,150,150,0.8,0,0.9989985227584839
single_lora,sst2,n/a,15,down_proj,150,150,0.8,0,0.999786376953125
single_lora,winogrande,n/a,0,q_proj,150,150,0.8,0,0.9989100098609924
single_lora,winogrande,n/a,0,v_proj,150,150,0.8,0,0.9925562739372253
single_lora,winogrande,n/a,0,up_proj,150,150,0.8,0,0.9952846169471741
single_lora,winogrande,n/a,0,down_proj,150,150,0.8,0,0.9973030686378479
single_lora,winogrande,n/a,8,q_proj,150,150,0.8,0,0.9995524287223816
single_lora,winogrande,n/a,8,v_proj,150,150,0.8,2,0.9879689812660217
single_lora,winogrande,n/a,8,up_proj,150,150,0.8,0,0.992033064365387
single_lora,winogrande,n/a,8,down_proj,150,150,0.8,0,0.9992475509643555
single_lora,winogrande,n/a,15,q_proj,150,150,0.8,0,0.9997456073760986
single_lora,winogrande,n/a,15,v_proj,150,150,0.8,0,0.999498724937439
single_lora,winogrande,n/a,15,up_proj,150,150,0.8,0,0.9991111159324646
single_lora,winogrande,n/a,15,down_proj,150,150,0.8,0,0.9997614622116089
stacked_lora,fever,all,0,q_proj,150,150,0.8,0,0.9996258616447449
stacked_lora,fever,all,0,v_proj,150,150,0.8,0,0.9873111248016357
stacked_lora,fever,all,0,up_proj,150,150,0.8,0,0.989437997341156
stacked_lora,fever,all,0,down_proj,150,150,0.8,0,0.995534360408783
stacked_lora,fever,all,8,q_proj,150,150,0.8,0,0.9990957379341125
stacked_lora,fever,all,8,v_proj,150,150,0.8,0,0.9783135056495667
stacked_lora,fever,all,8,up_proj,150,150,0.8,0,0.9922330975532532
stacked_lora,fever,all,8,down_proj,150,150,0.8,0,0.9977174997329712
stacked_lora,fever,all,15,q_proj,150,150,0.8,0,0.9996614456176758
stacked_lora,fever,all,15,v_proj,150,150,0.8,0,0.9982562065124512
stacked_lora,fever,all,15,up_proj,150,150,0.8,0,0.9990621209144592
stacked_lora,fever,all,15,down_proj,150,150,0.8,0,0.9995535016059875
stacked_lora,mnli,all,0,q_proj,150,150,0.8,0,0.9997991919517517
stacked_lora,mnli,all,0,v_proj,150,150,0.8,0,0.9963191747665405
stacked_lora,mnli,all,0,up_proj,150,150,0.8,0,0.9984186887741089
stacked_lora,mnli,all,0,down_proj,150,150,0.8,0,0.9978678226470947
stacked_lora,mnli,all,8,q_proj,150,150,0.8,0,0.9997623562812805
stacked_lora,mnli,all,8,v_proj,150,150,0.8,0,0.9942027926445007
stacked_lora,mnli,all,8,up_proj,150,150,0.8,0,0.9979087114334106
stacked_lora,mnli,all,8,down_proj,150,150,0.8,0,0.9995805025100708
stacked_lora,mnli,all,15,q_proj,150,150,0.8,0,0.9999510645866394
stacked_lora,mnli,all,15,v_proj,150,150,0.8,0,0.9998353123664856
stacked_lora,mnli,all,15,up_proj,150,150,0.8,0,0.9996144771575928
stacked_lora,mnli,all,15,down_proj,150,150,0.8,0,0.9998530149459839
stacked_lora,qqp,all,0,q_proj,150,150,0.8,0,0.9991884231567383
stacked_lora,qqp,all,0,v_proj,150,150,0.8,0,0.9944061040878296
stacked_lora,qqp,all,0,up_proj,150,150,0.8,0,0.9959974884986877
stacked_lora,qqp,all,0,down_proj,150,150,0.8,0,0.9963748455047607
stacked_lora,qqp,all,8,q_proj,150,150,0.8,0,0.9995649456977844
stacked_lora,qqp,all,8,v_proj,150,150,0.8,0,0.9913244843482971
stacked_lora,qqp,all,8,up_proj,150,150,0.8,0,0.9950559735298157
stacked_lora,qqp,all,8,down_proj,150,150,0.8,0,0.9993424415588379
stacked_lora,qqp,all,15,q_proj,150,150,0.8,0,0.999915361404419
stacked_lora,qqp,all,15,v_proj,150,150,0.8,0,0.9995088577270508
stacked_lora,qqp,all,15,up_proj,150,150,0.8,0,0.9994822144508362
stacked_lora,qqp,all,15,down_proj,150,150,0.8,0,0.9998590350151062
stacked_lora,siqa,all,0,q_proj,150,150,0.8,0,0.9985124468803406
stacked_lora,siqa,all,0,v_proj,150,150,0.8,0,0.990127682685852
stacked_lora,siqa,all,0,up_proj,150,150,0.8,2,0.9909738898277283
stacked_lora,siqa,all,0,down_proj,150,150,0.8,2,0.994829535484314
stacked_lora,siqa,all,8,q_proj,150,150,0.8,0,0.9991942048072815
stacked_lora,siqa,all,8,v_proj,150,150,0.8,0,0.9846640229225159
stacked_lora,siqa,all,8,up_proj,150,150,0.8,2,0.9904013872146606
stacked_lora,siqa,all,8,down_proj,150,150,0.8,0,0.998848557472229
stacked_lora,siqa,all,15,q_proj,150,150,0.8,0,0.9997653961181641
stacked_lora,siqa,all,15,v_proj,150,150,0.8,0,0.9988805055618286
stacked_lora,siqa,all,15,up_proj,150,150,0.8,0,0.9990474581718445
stacked_lora,siqa,all,15,down_proj,150,150,0.8,0,0.9996738433837891
stacked_lora,sst2,all,0,q_proj,150,150,0.8,0,0.9994627833366394
stacked_lora,sst2,all,0,v_proj,150,150,0.8,0,0.993070662021637
stacked_lora,sst2,all,0,up_proj,150,150,0.8,0,0.9944473505020142
stacked_lora,sst2,all,0,down_proj,150,150,0.8,0,0.9964926242828369
stacked_lora,sst2,all,8,q_proj,150,150,0.8,0,0.9994007349014282
stacked_lora,sst2,all,8,v_proj,150,150,0.8,0,0.9901387691497803
stacked_lora,sst2,all,8,up_proj,150,150,0.8,0,0.9919283986091614
stacked_lora,sst2,all,8,down_proj,150,150,0.8,0,0.9990526437759399
stacked_lora,sst2,all,15,q_proj,150,150,0.8,0,0.9998490214347839
stacked_lora,sst2,all,15,v_proj,150,150,0.8,0,0.9991534352302551
stacked_lora,sst2,all,15,up_proj,150,150,0.8,0,0.9992274045944214
stacked_lora,sst2,all,15,down_proj,150,150,0.8,0,0.9997740387916565
stacked_lora,winogrande,all,0,q_proj,150,150,0.8,0,0.9991129636764526
stacked_lora,winogrande,all,0,v_proj,150,150,0.8,0,0.9889542460441589
stacked_lora,winogrande,all,0,up_proj,150,150,0.8,2,0.9904049634933472
stacked_lora,winogrande,all,0,down_proj,150,150,0.8,2,0.9946730732917786
stacked_lora,winogrande,all,8,q_proj,150,150,0.8,0,0.9991417527198792
stacked_lora,winogrande,all,8,v_proj,150,150,0.8,3,0.9816721677780151
stacked_lora,winogrande,all,8,up_proj,150,150,0.8,0,0.991293728351593
stacked_lora,winogrande,all,8,down_proj,150,150,0.8,0,0.998897910118103
stacked_lora,winogrande,all,15,q_proj,150,150,0.8,0,0.9997325539588928
stacked_lora,winogrande,all,15,v_proj,150,150,0.8,0,0.9987715482711792
stacked_lora,winogrande,all,15,up_proj,150,150,0.8,0,0.9991122484207153
stacked_lora,winogrande,all,15,down_proj,150,150,0.8,0,0.9996100068092346
