stage,layer,module,module_path,epsilon,lambda_scale,lambda_options,num_singular_vectors,num_intruders,intruder_fraction,mean_max_similarity,min_max_similarity,correction_frobenius_norm
mnli,0,q_proj,layers.0.self_attn.q_proj,0.7,0.5,"[0.0, 0.5]",2048,65,0.03173828125,0.952133297920227,0.37965166568756104,0.16206717491149902
mnli,0,v_proj,layers.0.self_attn.v_proj,0.7,0.5,"[0.0, 0.5]",512,3,0.005859375,0.9536322355270386,0.6424570679664612,0.19295987486839294
mnli,0,up_proj,layers.0.mlp.up_proj,0.7,0.5,"[0.0, 0.5]",2048,15,0.00732421875,0.9412842988967896,0.6276392340660095,2.839567184448242
mnli,0,down_proj,layers.0.mlp.down_proj,0.7,0.5,"[0.0, 0.5]",2048,26,0.0126953125,0.9318897724151611,0.5912159085273743,4.001577377319336
mnli,1,q_proj,layers.1.self_attn.q_proj,0.7,0.5,"[0.0, 0.5]",2048,71,0.03466796875,0.9435346722602844,0.49899959564208984,0.3646469712257385
mnli,1,v_proj,layers.1.self_attn.v_proj,0.7,0.5,"[0.0, 0.5]",512,4,0.0078125,0.9463974237442017,0.6692582964897156,0.4900771379470825
mnli,1,up_proj,layers.1.mlp.up_proj,0.7,0.5,"[0.0, 0.5]",2048,16,0.0078125,0.9387468099594116,0.6206835508346558,2.978628396987915
mnli,1,down_proj,layers.1.mlp.down_proj,0.7,0.5,"[0.0, 0.5]",2048,18,0.0087890625,0.9430049657821655,0.623681902885437,3.3048388957977295
mnli,2,q_proj,layers.2.self_attn.q_proj,0.7,0.5,"[0.0, 0.5]",2048,52,0.025390625,0.9444863796234131,0.5292689800262451,0.4166269302368164
mnli,2,v_proj,layers.2.self_attn.v_proj,0.7,0.5,"[0.0, 0.5]",512,1,0.001953125,0.9692403674125671,0.6933795213699341,0.19821155071258545
mnli,2,up_proj,layers.2.mlp.up_proj,0.7,0.5,"[0.0, 0.5]",2048,23,0.01123046875,0.9368002414703369,0.6033884286880493,3.167794704437256
mnli,2,down_proj,layers.2.mlp.down_proj,0.7,0.5,"[0.0, 0.5]",2048,14,0.0068359375,0.9455959796905518,0.6103450655937195,2.4061901569366455
mnli,3,q_proj,layers.3.self_attn.q_proj,0.7,0.5,"[0.0, 0.5]",2048,23,0.01123046875,0.9529588222503662,0.579470157623291,0.33938056230545044
mnli,3,v_proj,layers.3.self_attn.v_proj,0.7,0.5,"[0.0, 0.5]",512,2,0.00390625,0.9667401313781738,0.6508685946464539,0.47048935294151306
mnli,3,up_proj,layers.3.mlp.up_proj,0.7,0.5,"[0.0, 0.5]",2048,32,0.015625,0.9283347129821777,0.5959311723709106,3.4639103412628174
mnli,3,down_proj,layers.3.mlp.down_proj,0.7,0.5,"[0.0, 0.5]",2048,20,0.009765625,0.9352952241897583,0.6241161227226257,3.0443050861358643
mnli,4,q_proj,layers.4.self_attn.q_proj,0.7,0.5,"[0.0, 0.5]",2048,77,0.03759765625,0.9330082535743713,0.5126387476921082,0.6150005459785461
mnli,4,v_proj,layers.4.self_attn.v_proj,0.7,0.5,"[0.0, 0.5]",512,2,0.00390625,0.9624762535095215,0.6250419616699219,0.40585651993751526
mnli,4,up_proj,layers.4.mlp.up_proj,0.7,0.5,"[0.0, 0.5]",2048,29,0.01416015625,0.9242860674858093,0.6518405079841614,3.658416271209717
mnli,4,down_proj,layers.4.mlp.down_proj,0.7,0.5,"[0.0, 0.5]",2048,31,0.01513671875,0.9345357418060303,0.5858591794967651,3.6957473754882812
mnli,5,q_proj,layers.5.self_attn.q_proj,0.7,0.5,"[0.0, 0.5]",2048,174,0.0849609375,0.911608874797821,0.47511613368988037,0.5723434090614319
mnli,5,v_proj,layers.5.self_attn.v_proj,0.7,0.5,"[0.0, 0.5]",512,3,0.005859375,0.9492605328559875,0.600152313709259,0.4057413637638092
mnli,5,up_proj,layers.5.mlp.up_proj,0.7,0.5,"[0.0, 0.5]",2048,21,0.01025390625,0.9384067058563232,0.5984169244766235,3.220390796661377
mnli,5,down_proj,layers.5.mlp.down_proj,0.7,0.5,"[0.0, 0.5]",2048,24,0.01171875,0.9424731731414795,0.6208382248878479,3.0458688735961914
mnli,6,q_proj,layers.6.self_attn.q_proj,0.7,0.5,"[0.0, 0.5]",2048,129,0.06298828125,0.9129250049591064,0.4556258022785187,0.5851566195487976
mnli,6,v_proj,layers.6.self_attn.v_proj,0.7,0.5,"[0.0, 0.5]",512,0,0.0,0.9684414863586426,0.7177947163581848,0.0
mnli,6,up_proj,layers.6.mlp.up_proj,0.7,0.5,"[0.0, 0.5]",2048,13,0.00634765625,0.9422277212142944,0.591280460357666,2.220201015472412
mnli,6,down_proj,layers.6.mlp.down_proj,0.7,0.5,"[0.0, 0.5]",2048,14,0.0068359375,0.9503558278083801,0.5793019533157349,2.411895275115967
mnli,7,q_proj,layers.7.self_attn.q_proj,0.7,0.5,"[0.0, 0.5]",2048,104,0.05078125,0.9229816794395447,0.47820809483528137,0.6228983998298645
mnli,7,v_proj,layers.7.self_attn.v_proj,0.7,0.5,"[0.0, 0.5]",512,0,0.0,0.9802312850952148,0.7314254641532898,0.0
mnli,7,up_proj,layers.7.mlp.up_proj,0.7,0.5,"[0.0, 0.5]",2048,12,0.005859375,0.9556933045387268,0.6719076633453369,2.30694580078125
mnli,7,down_proj,layers.7.mlp.down_proj,0.7,0.5,"[0.0, 0.5]",2048,5,0.00244140625,0.9637270569801331,0.6249377131462097,1.397385597229004
mnli,8,q_proj,layers.8.self_attn.q_proj,0.7,0.5,"[0.0, 0.5]",2048,60,0.029296875,0.9356602430343628,0.5525325536727905,0.3616252541542053
mnli,8,v_proj,layers.8.self_attn.v_proj,0.7,0.5,"[0.0, 0.5]",512,0,0.0,0.9736271500587463,0.71779865026474,0.0
mnli,8,up_proj,layers.8.mlp.up_proj,0.7,0.5,"[0.0, 0.5]",2048,2,0.0009765625,0.9649078249931335,0.6749774813652039,1.0267647504806519
mnli,8,down_proj,layers.8.mlp.down_proj,0.7,0.5,"[0.0, 0.5]",2048,2,0.0009765625,0.9693595767021179,0.6931781768798828,0.7808345556259155
mnli,9,q_proj,layers.9.self_attn.q_proj,0.7,0.5,"[0.0, 0.5]",2048,32,0.015625,0.9553453326225281,0.5396256446838379,0.378250390291214
mnli,9,v_proj,layers.9.self_attn.v_proj,0.7,0.5,"[0.0, 0.5]",512,0,0.0,0.9735435843467712,0.7026283740997314,0.0
mnli,9,up_proj,layers.9.mlp.up_proj,0.7,0.5,"[0.0, 0.5]",2048,3,0.00146484375,0.9707044363021851,0.6630922555923462,1.3109169006347656
mnli,9,down_proj,layers.9.mlp.down_proj,0.7,0.5,"[0.0, 0.5]",2048,1,0.00048828125,0.9748021364212036,0.6963069438934326,0.5406067967414856
mnli,10,q_proj,layers.10.self_attn.q_proj,0.7,0.5,"[0.0, 0.5]",2048,30,0.0146484375,0.9528830647468567,0.548751711845398,0.24563060700893402
mnli,10,v_proj,layers.10.self_attn.v_proj,0.7,0.5,"[0.0, 0.5]",512,0,0.0,0.9856595396995544,0.7396414279937744,0.0
mnli,10,up_proj,layers.10.mlp.up_proj,0.7,0.5,"[0.0, 0.5]",2048,2,0.0009765625,0.9740827083587646,0.6850081086158752,1.0105211734771729
mnli,10,down_proj,layers.10.mlp.down_proj,0.7,0.5,"[0.0, 0.5]",2048,2,0.0009765625,0.9758027195930481,0.6654471158981323,1.1789216995239258
mnli,11,q_proj,layers.11.self_attn.q_proj,0.7,0.5,"[0.0, 0.5]",2048,0,0.0,0.9770825505256653,0.707012414932251,0.0
mnli,11,v_proj,layers.11.self_attn.v_proj,0.7,0.5,"[0.0, 0.5]",512,0,0.0,0.993926465511322,0.9296720027923584,0.0
mnli,11,up_proj,layers.11.mlp.up_proj,0.7,0.5,"[0.0, 0.5]",2048,0,0.0,0.9810135364532471,0.7108486294746399,0.0
mnli,11,down_proj,layers.11.mlp.down_proj,0.7,0.5,"[0.0, 0.5]",2048,0,0.0,0.9807765483856201,0.7056732773780823,0.0
mnli,12,q_proj,layers.12.self_attn.q_proj,0.7,0.5,"[0.0, 0.5]",2048,4,0.001953125,0.9811269044876099,0.5934526324272156,0.04746568202972412
mnli,12,v_proj,layers.12.self_attn.v_proj,0.7,0.5,"[0.0, 0.5]",512,0,0.0,0.9958021640777588,0.8867586851119995,0.0
mnli,12,up_proj,layers.12.mlp.up_proj,0.7,0.5,"[0.0, 0.5]",2048,1,0.00048828125,0.983928382396698,0.6992895603179932,1.1366370916366577
mnli,12,down_proj,layers.12.mlp.down_proj,0.7,0.5,"[0.0, 0.5]",2048,1,0.00048828125,0.9830979108810425,0.6954361200332642,0.9196513891220093
mnli,13,q_proj,layers.13.self_attn.q_proj,0.7,0.5,"[0.0, 0.5]",2048,4,0.001953125,0.9798299074172974,0.6383349299430847,0.0988214761018753
mnli,13,v_proj,layers.13.self_attn.v_proj,0.7,0.5,"[0.0, 0.5]",512,0,0.0,0.9967136383056641,0.9475969076156616,0.0
mnli,13,up_proj,layers.13.mlp.up_proj,0.7,0.5,"[0.0, 0.5]",2048,0,0.0,0.9857953786849976,0.7002661228179932,0.0
mnli,13,down_proj,layers.13.mlp.down_proj,0.7,0.5,"[0.0, 0.5]",2048,1,0.00048828125,0.9854263067245483,0.6264742016792297,0.9931944608688354
mnli,14,q_proj,layers.14.self_attn.q_proj,0.7,0.5,"[0.0, 0.5]",2048,9,0.00439453125,0.9718514680862427,0.5930647850036621,0.2821812629699707
mnli,14,v_proj,layers.14.self_attn.v_proj,0.7,0.5,"[0.0, 0.5]",512,0,0.0,0.998791515827179,0.8754709959030151,0.0
mnli,14,up_proj,layers.14.mlp.up_proj,0.7,0.5,"[0.0, 0.5]",2048,0,0.0,0.988171398639679,0.7152134776115417,0.0
mnli,14,down_proj,layers.14.mlp.down_proj,0.7,0.5,"[0.0, 0.5]",2048,0,0.0,0.9892541766166687,0.7023074626922607,0.0
mnli,15,q_proj,layers.15.self_attn.q_proj,0.7,0.5,"[0.0, 0.5]",2048,11,0.00537109375,0.9652398228645325,0.5693807005882263,0.09904909878969193
mnli,15,v_proj,layers.15.self_attn.v_proj,0.7,0.5,"[0.0, 0.5]",512,0,0.0,0.9982068538665771,0.7857938408851624,0.0
mnli,15,up_proj,layers.15.mlp.up_proj,0.7,0.5,"[0.0, 0.5]",2048,1,0.00048828125,0.9855661392211914,0.6958019733428955,0.49780964851379395
mnli,15,down_proj,layers.15.mlp.down_proj,0.7,0.5,"[0.0, 0.5]",2048,1,0.00048828125,0.9846916794776917,0.6526018977165222,0.5962902307510376
qqp,0,q_proj,layers.0.self_attn.q_proj,0.7,0.5,"[0.0, 0.5]",2048,127,0.06201171875,0.9228230714797974,0.38304147124290466,0.4464564919471741
qqp,0,v_proj,layers.0.self_attn.v_proj,0.7,0.5,"[0.0, 0.5]",512,22,0.04296875,0.9162829518318176,0.5556500554084778,0.5351837873458862
qqp,0,up_proj,layers.0.mlp.up_proj,0.7,0.5,"[0.0, 0.5]",2048,73,0.03564453125,0.9033951759338379,0.5730106234550476,6.045535564422607
qqp,0,down_proj,layers.0.mlp.down_proj,0.7,0.5,"[0.0, 0.5]",2048,134,0.0654296875,0.8819452524185181,0.5575339198112488,8.65196418762207
qqp,1,q_proj,layers.1.self_attn.q_proj,0.7,0.5,"[0.0, 0.5]",2048,173,0.08447265625,0.911113977432251,0.4470919668674469,1.0490093231201172
qqp,1,v_proj,layers.1.self_attn.v_proj,0.7,0.5,"[0.0, 0.5]",512,17,0.033203125,0.9039729833602905,0.5322644114494324,0.8303678631782532
qqp,1,up_proj,layers.1.mlp.up_proj,0.7,0.5,"[0.0, 0.5]",2048,88,0.04296875,0.8950837850570679,0.5680803060531616,6.689151287078857
qqp,1,down_proj,layers.1.mlp.down_proj,0.7,0.5,"[0.0, 0.5]",2048,79,0.03857421875,0.9017415046691895,0.5747516751289368,6.594740390777588
qqp,2,q_proj,layers.2.self_attn.q_proj,0.7,0.5,"[0.0, 0.5]",2048,134,0.0654296875,0.9178397059440613,0.40418770909309387,0.824453592300415
qqp,2,v_proj,layers.2.self_attn.v_proj,0.7,0.5,"[0.0, 0.5]",512,6,0.01171875,0.940995454788208,0.6466842293739319,0.6181073784828186
qqp,2,up_proj,layers.2.mlp.up_proj,0.7,0.5,"[0.0, 0.5]",2048,73,0.03564453125,0.8964892029762268,0.5727412104606628,6.061230659484863
qqp,2,down_proj,layers.2.mlp.down_proj,0.7,0.5,"[0.0, 0.5]",2048,62,0.0302734375,0.9066911339759827,0.5490626096725464,5.146404266357422
qqp,3,q_proj,layers.3.self_attn.q_proj,0.7,0.5,"[0.0, 0.5]",2048,78,0.0380859375,0.9240687489509583,0.5343576073646545,0.9015644192695618
qqp,3,v_proj,layers.3.self_attn.v_proj,0.7,0.5,"[0.0, 0.5]",512,10,0.01953125,0.9447546005249023,0.6605191826820374,0.8808369040489197
qqp,3,up_proj,layers.3.mlp.up_proj,0.7,0.5,"[0.0, 0.5]",2048,123,0.06005859375,0.8850998878479004,0.5504550933837891,7.4453911781311035
qqp,3,down_proj,layers.3.mlp.down_proj,0.7,0.5,"[0.0, 0.5]",2048,80,0.0390625,0.9009788632392883,0.5229280591011047,5.735588073730469
qqp,4,q_proj,layers.4.self_attn.q_proj,0.7,0.5,"[0.0, 0.5]",2048,154,0.0751953125,0.9048023223876953,0.4691612124443054,1.0665613412857056
qqp,4,v_proj,layers.4.self_attn.v_proj,0.7,0.5,"[0.0, 0.5]",512,5,0.009765625,0.9414424300193787,0.6260269284248352,0.5989322662353516
qqp,4,up_proj,layers.4.mlp.up_proj,0.7,0.5,"[0.0, 0.5]",2048,83,0.04052734375,0.8885067701339722,0.5348829627037048,6.167952537536621
qqp,4,down_proj,layers.4.mlp.down_proj,0.7,0.5,"[0.0, 0.5]",2048,93,0.04541015625,0.9003778696060181,0.5403671264648438,6.412449836730957
qqp,5,q_proj,layers.5.self_attn.q_proj,0.7,0.5,"[0.0, 0.5]",2048,319,0.15576171875,0.8765944242477417,0.4068467915058136,1.133427381515503
qqp,5,v_proj,layers.5.self_attn.v_proj,0.7,0.5,"[0.0, 0.5]",512,6,0.01171875,0.9275875091552734,0.6338942646980286,0.5101487636566162
qqp,5,up_proj,layers.5.mlp.up_proj,0.7,0.5,"[0.0, 0.5]",2048,59,0.02880859375,0.9040056467056274,0.5595853924751282,5.082193851470947
qqp,5,down_proj,layers.5.mlp.down_proj,0.7,0.5,"[0.0, 0.5]",2048,60,0.029296875,0.913921594619751,0.5757569074630737,4.954813480377197
qqp,6,q_proj,layers.6.self_attn.q_proj,0.7,0.5,"[0.0, 0.5]",2048,249,0.12158203125,0.883429765701294,0.4188956022262573,1.0262192487716675
qqp,6,v_proj,layers.6.self_attn.v_proj,0.7,0.5,"[0.0, 0.5]",512,3,0.005859375,0.9493021368980408,0.6915776133537292,0.345044881105423
qqp,6,up_proj,layers.6.mlp.up_proj,0.7,0.5,"[0.0, 0.5]",2048,64,0.03125,0.9085028767585754,0.5529888272285461,5.009190082550049
qqp,6,down_proj,layers.6.mlp.down_proj,0.7,0.5,"[0.0, 0.5]",2048,50,0.0244140625,0.9227309226989746,0.5143539905548096,4.196612358093262
qqp,7,q_proj,layers.7.self_attn.q_proj,0.7,0.5,"[0.0, 0.5]",2048,271,0.13232421875,0.8835885524749756,0.39844125509262085,1.0835654735565186
qqp,7,v_proj,layers.7.self_attn.v_proj,0.7,0.5,"[0.0, 0.5]",512,2,0.00390625,0.9683234691619873,0.6318850517272949,0.26276299357414246
qqp,7,up_proj,layers.7.mlp.up_proj,0.7,0.5,"[0.0, 0.5]",2048,31,0.01513671875,0.9299783110618591,0.5337182879447937,3.547260284423828
qqp,7,down_proj,layers.7.mlp.down_proj,0.7,0.5,"[0.0, 0.5]",2048,31,0.01513671875,0.940263569355011,0.6021894812583923,3.579155445098877
qqp,8,q_proj,layers.8.self_attn.q_proj,0.7,0.5,"[0.0, 0.5]",2048,180,0.087890625,0.9044240713119507,0.4674037992954254,0.7910924553871155
qqp,8,v_proj,layers.8.self_attn.v_proj,0.7,0.5,"[0.0, 0.5]",512,1,0.001953125,0.9594129323959351,0.6495442986488342,0.2754208445549011
qqp,8,up_proj,layers.8.mlp.up_proj,0.7,0.5,"[0.0, 0.5]",2048,14,0.0068359375,0.9448586702346802,0.6210765838623047,2.3818442821502686
qqp,8,down_proj,layers.8.mlp.down_proj,0.7,0.5,"[0.0, 0.5]",2048,15,0.00732421875,0.950847327709198,0.6225952506065369,2.468524217605591
qqp,9,q_proj,layers.9.self_attn.q_proj,0.7,0.5,"[0.0, 0.5]",2048,89,0.04345703125,0.9335446357727051,0.4693754315376282,0.5946314930915833
qqp,9,v_proj,layers.9.self_attn.v_proj,0.7,0.5,"[0.0, 0.5]",512,2,0.00390625,0.9597891569137573,0.6774429678916931,0.30274930596351624
qqp,9,up_proj,layers.9.mlp.up_proj,0.7,0.5,"[0.0, 0.5]",2048,8,0.00390625,0.9564418196678162,0.6254619359970093,1.7862849235534668
qqp,9,down_proj,layers.9.mlp.down_proj,0.7,0.5,"[0.0, 0.5]",2048,3,0.00146484375,0.9608849287033081,0.6802471876144409,1.3734130859375
qqp,10,q_proj,layers.10.self_attn.q_proj,0.7,0.5,"[0.0, 0.5]",2048,114,0.0556640625,0.923786997795105,0.46257731318473816,0.4471251666545868
qqp,10,v_proj,layers.10.self_attn.v_proj,0.7,0.5,"[0.0, 0.5]",512,0,0.0,0.9659718871116638,0.7111469507217407,0.0
qqp,10,up_proj,layers.10.mlp.up_proj,0.7,0.5,"[0.0, 0.5]",2048,0,0.0,0.9627706408500671,0.7005272507667542,0.0
qqp,10,down_proj,layers.10.mlp.down_proj,0.7,0.5,"[0.0, 0.5]",2048,6,0.0029296875,0.96406090259552,0.5889107584953308,1.5550556182861328
qqp,11,q_proj,layers.11.self_attn.q_proj,0.7,0.5,"[0.0, 0.5]",2048,17,0.00830078125,0.9569693803787231,0.634938657283783,0.3261477053165436
qqp,11,v_proj,layers.11.self_attn.v_proj,0.7,0.5,"[0.0, 0.5]",512,0,0.0,0.9872455596923828,0.8157942891120911,0.0
qqp,11,up_proj,layers.11.mlp.up_proj,0.7,0.5,"[0.0, 0.5]",2048,1,0.00048828125,0.9701511859893799,0.6996427774429321,0.5195163488388062
qqp,11,down_proj,layers.11.mlp.down_proj,0.7,0.5,"[0.0, 0.5]",2048,0,0.0,0.9690280556678772,0.7020049095153809,0.0
qqp,12,q_proj,layers.12.self_attn.q_proj,0.7,0.5,"[0.0, 0.5]",2048,22,0.0107421875,0.9605343341827393,0.5476776957511902,0.19673535227775574
qqp,12,v_proj,layers.12.self_attn.v_proj,0.7,0.5,"[0.0, 0.5]",512,0,0.0,0.9889819622039795,0.7614299058914185,0.0
qqp,12,up_proj,layers.12.mlp.up_proj,0.7,0.5,"[0.0, 0.5]",2048,0,0.0,0.9769524335861206,0.7051870822906494,0.0
qqp,12,down_proj,layers.12.mlp.down_proj,0.7,0.5,"[0.0, 0.5]",2048,3,0.00146484375,0.9747366309165955,0.6496920585632324,1.3887405395507812
qqp,13,q_proj,layers.13.self_attn.q_proj,0.7,0.5,"[0.0, 0.5]",2048,19,0.00927734375,0.9580737352371216,0.598536491394043,0.8348617553710938
qqp,13,v_proj,layers.13.self_attn.v_proj,0.7,0.5,"[0.0, 0.5]",512,0,0.0,0.9906700849533081,0.7079436182975769,0.0
qqp,13,up_proj,layers.13.mlp.up_proj,0.7,0.5,"[0.0, 0.5]",2048,1,0.00048828125,0.9765908122062683,0.6643210053443909,0.9161197543144226
qqp,13,down_proj,layers.13.mlp.down_proj,0.7,0.5,"[0.0, 0.5]",2048,0,0.0,0.9773268699645996,0.7060286402702332,0.0
qqp,14,q_proj,layers.14.self_attn.q_proj,0.7,0.5,"[0.0, 0.5]",2048,66,0.0322265625,0.9410560131072998,0.5360469222068787,0.4546092450618744
qqp,14,v_proj,layers.14.self_attn.v_proj,0.7,0.5,"[0.0, 0.5]",512,0,0.0,0.9962173700332642,0.82378089427948,0.0
qqp,14,up_proj,layers.14.mlp.up_proj,0.7,0.5,"[0.0, 0.5]",2048,1,0.00048828125,0.9817242622375488,0.6983957290649414,0.6259289979934692
qqp,14,down_proj,layers.14.mlp.down_proj,0.7,0.5,"[0.0, 0.5]",2048,0,0.0,0.98015296459198,0.7179796695709229,0.0
qqp,15,q_proj,layers.15.self_attn.q_proj,0.7,0.5,"[0.0, 0.5]",2048,97,0.04736328125,0.9308418035507202,0.5220566987991333,0.32277911901474
qqp,15,v_proj,layers.15.self_attn.v_proj,0.7,0.5,"[0.0, 0.5]",512,0,0.0,0.9949678182601929,0.7076259851455688,0.0
qqp,15,up_proj,layers.15.mlp.up_proj,0.7,0.5,"[0.0, 0.5]",2048,2,0.0009765625,0.9790037870407104,0.6638535261154175,0.8997625112533569
qqp,15,down_proj,layers.15.mlp.down_proj,0.7,0.5,"[0.0, 0.5]",2048,3,0.00146484375,0.9771320223808289,0.6058900952339172,1.0219160318374634
sst2,0,q_proj,layers.0.self_attn.q_proj,0.7,0.5,"[0.0, 0.5]",2048,203,0.09912109375,0.8985596895217896,0.3442550301551819,0.801688551902771
sst2,0,v_proj,layers.0.self_attn.v_proj,0.7,0.5,"[0.0, 0.5]",512,39,0.076171875,0.8723815083503723,0.5406450033187866,0.867522656917572
sst2,0,up_proj,layers.0.mlp.up_proj,0.7,0.5,"[0.0, 0.5]",2048,176,0.0859375,0.8612029552459717,0.5311021208763123,9.145456314086914
sst2,0,down_proj,layers.0.mlp.down_proj,0.7,0.5,"[0.0, 0.5]",2048,280,0.13671875,0.8402391076087952,0.5010205507278442,12.15588092803955
sst2,1,q_proj,layers.1.self_attn.q_proj,0.7,0.5,"[0.0, 0.5]",2048,236,0.115234375,0.8874868154525757,0.4233342409133911,1.1900393962860107
sst2,1,v_proj,layers.1.self_attn.v_proj,0.7,0.5,"[0.0, 0.5]",512,29,0.056640625,0.8759962320327759,0.5570383667945862,1.1090984344482422
sst2,1,up_proj,layers.1.mlp.up_proj,0.7,0.5,"[0.0, 0.5]",2048,184,0.08984375,0.8575959205627441,0.5045743584632874,10.095884323120117
sst2,1,down_proj,layers.1.mlp.down_proj,0.7,0.5,"[0.0, 0.5]",2048,184,0.08984375,0.8681504130363464,0.49732354283332825,9.892026901245117
sst2,2,q_proj,layers.2.self_attn.q_proj,0.7,0.5,"[0.0, 0.5]",2048,216,0.10546875,0.8932286500930786,0.42047441005706787,1.0256845951080322
sst2,2,v_proj,layers.2.self_attn.v_proj,0.7,0.5,"[0.0, 0.5]",512,10,0.01953125,0.9159485697746277,0.597449004650116,0.741416335105896
sst2,2,up_proj,layers.2.mlp.up_proj,0.7,0.5,"[0.0, 0.5]",2048,200,0.09765625,0.8585231304168701,0.5084136724472046,10.225330352783203
sst2,2,down_proj,layers.2.mlp.down_proj,0.7,0.5,"[0.0, 0.5]",2048,151,0.07373046875,0.8753032088279724,0.516275942325592,8.4160795211792
sst2,3,q_proj,layers.3.self_attn.q_proj,0.7,0.5,"[0.0, 0.5]",2048,166,0.0810546875,0.9001725316047668,0.4750075936317444,1.1544928550720215
sst2,3,v_proj,layers.3.self_attn.v_proj,0.7,0.5,"[0.0, 0.5]",512,20,0.0390625,0.9176586866378784,0.5969026684761047,1.1372181177139282
sst2,3,up_proj,layers.3.mlp.up_proj,0.7,0.5,"[0.0, 0.5]",2048,215,0.10498046875,0.8558407425880432,0.4894391894340515,9.803218841552734
sst2,3,down_proj,layers.3.mlp.down_proj,0.7,0.5,"[0.0, 0.5]",2048,152,0.07421875,0.8719401955604553,0.5083324313163757,7.964573860168457
sst2,4,q_proj,layers.4.self_attn.q_proj,0.7,0.5,"[0.0, 0.5]",2048,249,0.12158203125,0.8837020397186279,0.4584561288356781,1.4150967597961426
sst2,4,v_proj,layers.4.self_attn.v_proj,0.7,0.5,"[0.0, 0.5]",512,14,0.02734375,0.914781391620636,0.5764282941818237,1.0613369941711426
sst2,4,up_proj,layers.4.mlp.up_proj,0.7,0.5,"[0.0, 0.5]",2048,204,0.099609375,0.8576939105987549,0.4906776547431946,9.423871040344238
sst2,4,down_proj,layers.4.mlp.down_proj,0.7,0.5,"[0.0, 0.5]",2048,144,0.0703125,0.8754589557647705,0.5218440890312195,7.735883712768555
sst2,5,q_proj,layers.5.self_attn.q_proj,0.7,0.5,"[0.0, 0.5]",2048,410,0.2001953125,0.8530626893043518,0.3569295406341553,1.500625729560852
sst2,5,v_proj,layers.5.self_attn.v_proj,0.7,0.5,"[0.0, 0.5]",512,21,0.041015625,0.8992468118667603,0.5862241983413696,0.9193098545074463
sst2,5,up_proj,layers.5.mlp.up_proj,0.7,0.5,"[0.0, 0.5]",2048,130,0.0634765625,0.8765899538993835,0.5111030340194702,7.618654727935791
sst2,5,down_proj,layers.5.mlp.down_proj,0.7,0.5,"[0.0, 0.5]",2048,124,0.060546875,0.8900130987167358,0.5652468800544739,6.915757656097412
sst2,6,q_proj,layers.6.self_attn.q_proj,0.7,0.5,"[0.0, 0.5]",2048,351,0.17138671875,0.8629896640777588,0.4145788848400116,1.524449110031128
sst2,6,v_proj,layers.6.self_attn.v_proj,0.7,0.5,"[0.0, 0.5]",512,5,0.009765625,0.9349949359893799,0.6672510504722595,0.540878176689148
sst2,6,up_proj,layers.6.mlp.up_proj,0.7,0.5,"[0.0, 0.5]",2048,121,0.05908203125,0.8875399231910706,0.5418968796730042,7.031877040863037
sst2,6,down_proj,layers.6.mlp.down_proj,0.7,0.5,"[0.0, 0.5]",2048,108,0.052734375,0.8971846103668213,0.5432851910591125,6.530657768249512
sst2,7,q_proj,layers.7.self_attn.q_proj,0.7,0.5,"[0.0, 0.5]",2048,337,0.16455078125,0.863706648349762,0.40215829014778137,1.396124243736267
sst2,7,v_proj,layers.7.self_attn.v_proj,0.7,0.5,"[0.0, 0.5]",512,4,0.0078125,0.9567764401435852,0.6553480625152588,0.37630441784858704
sst2,7,up_proj,layers.7.mlp.up_proj,0.7,0.5,"[0.0, 0.5]",2048,71,0.03466796875,0.9083732962608337,0.555819571018219,5.50147819519043
sst2,7,down_proj,layers.7.mlp.down_proj,0.7,0.5,"[0.0, 0.5]",2048,32,0.015625,0.9214411377906799,0.5728700757026672,3.7551724910736084
sst2,8,q_proj,layers.8.self_attn.q_proj,0.7,0.5,"[0.0, 0.5]",2048,259,0.12646484375,0.8853919506072998,0.44357195496559143,1.1901479959487915
sst2,8,v_proj,layers.8.self_attn.v_proj,0.7,0.5,"[0.0, 0.5]",512,4,0.0078125,0.9510858058929443,0.6307217478752136,0.6435003876686096
sst2,8,up_proj,layers.8.mlp.up_proj,0.7,0.5,"[0.0, 0.5]",2048,42,0.0205078125,0.9241834282875061,0.5883378982543945,4.16849422454834
sst2,8,down_proj,layers.8.mlp.down_proj,0.7,0.5,"[0.0, 0.5]",2048,32,0.015625,0.9320818185806274,0.6163956522941589,3.5962579250335693
sst2,9,q_proj,layers.9.self_attn.q_proj,0.7,0.5,"[0.0, 0.5]",2048,174,0.0849609375,0.90837562084198,0.45548364520072937,0.8863922953605652
sst2,9,v_proj,layers.9.self_attn.v_proj,0.7,0.5,"[0.0, 0.5]",512,2,0.00390625,0.9531318545341492,0.6221839189529419,0.3863237798213959
sst2,9,up_proj,layers.9.mlp.up_proj,0.7,0.5,"[0.0, 0.5]",2048,17,0.00830078125,0.9382884502410889,0.5951962471008301,2.771850347518921
sst2,9,down_proj,layers.9.mlp.down_proj,0.7,0.5,"[0.0, 0.5]",2048,17,0.00830078125,0.9410288333892822,0.6331905126571655,2.9790775775909424
sst2,10,q_proj,layers.10.self_attn.q_proj,0.7,0.5,"[0.0, 0.5]",2048,189,0.09228515625,0.9036938548088074,0.4541657567024231,0.8399952054023743
sst2,10,v_proj,layers.10.self_attn.v_proj,0.7,0.5,"[0.0, 0.5]",512,3,0.005859375,0.9563669562339783,0.6909017562866211,0.4930489957332611
sst2,10,up_proj,layers.10.mlp.up_proj,0.7,0.5,"[0.0, 0.5]",2048,22,0.0107421875,0.9451854825019836,0.6210709810256958,3.3223159313201904
sst2,10,down_proj,layers.10.mlp.down_proj,0.7,0.5,"[0.0, 0.5]",2048,20,0.009765625,0.9465168714523315,0.5908651947975159,3.0797860622406006
sst2,11,q_proj,layers.11.self_attn.q_proj,0.7,0.5,"[0.0, 0.5]",2048,38,0.0185546875,0.943234384059906,0.591216504573822,0.7788282632827759
sst2,11,v_proj,layers.11.self_attn.v_proj,0.7,0.5,"[0.0, 0.5]",512,0,0.0,0.9762096405029297,0.7741331458091736,0.0
sst2,11,up_proj,layers.11.mlp.up_proj,0.7,0.5,"[0.0, 0.5]",2048,6,0.0029296875,0.9558789730072021,0.6161128282546997,1.6722792387008667
sst2,11,down_proj,layers.11.mlp.down_proj,0.7,0.5,"[0.0, 0.5]",2048,10,0.0048828125,0.9532198905944824,0.642656147480011,2.47012996673584
sst2,12,q_proj,layers.12.self_attn.q_proj,0.7,0.5,"[0.0, 0.5]",2048,41,0.02001953125,0.9460008144378662,0.569233775138855,0.4281292259693146
sst2,12,v_proj,layers.12.self_attn.v_proj,0.7,0.5,"[0.0, 0.5]",512,0,0.0,0.9791430234909058,0.7053678631782532,0.0
sst2,12,up_proj,layers.12.mlp.up_proj,0.7,0.5,"[0.0, 0.5]",2048,6,0.0029296875,0.9636144042015076,0.6752748489379883,1.8568150997161865
sst2,12,down_proj,layers.12.mlp.down_proj,0.7,0.5,"[0.0, 0.5]",2048,3,0.00146484375,0.9600548148155212,0.6536858677864075,1.2766478061676025
sst2,13,q_proj,layers.13.self_attn.q_proj,0.7,0.5,"[0.0, 0.5]",2048,47,0.02294921875,0.9412404894828796,0.5389899015426636,0.8417037129402161
sst2,13,v_proj,layers.13.self_attn.v_proj,0.7,0.5,"[0.0, 0.5]",512,0,0.0,0.9870353937149048,0.7033665180206299,0.0
sst2,13,up_proj,layers.13.mlp.up_proj,0.7,0.5,"[0.0, 0.5]",2048,5,0.00244140625,0.9644768834114075,0.6649178862571716,1.4072856903076172
sst2,13,down_proj,layers.13.mlp.down_proj,0.7,0.5,"[0.0, 0.5]",2048,6,0.0029296875,0.9632833003997803,0.6563536524772644,1.7644118070602417
sst2,14,q_proj,layers.14.self_attn.q_proj,0.7,0.5,"[0.0, 0.5]",2048,121,0.05908203125,0.9173237085342407,0.4456184208393097,0.569518506526947
sst2,14,v_proj,layers.14.self_attn.v_proj,0.7,0.5,"[0.0, 0.5]",512,0,0.0,0.9947679042816162,0.8039068579673767,0.0
sst2,14,up_proj,layers.14.mlp.up_proj,0.7,0.5,"[0.0, 0.5]",2048,0,0.0,0.9692015647888184,0.7010307908058167,0.0
sst2,14,down_proj,layers.14.mlp.down_proj,0.7,0.5,"[0.0, 0.5]",2048,1,0.00048828125,0.9678788781166077,0.6891664266586304,0.8266578912734985
sst2,15,q_proj,layers.15.self_attn.q_proj,0.7,0.5,"[0.0, 0.5]",2048,188,0.091796875,0.9039499759674072,0.46920305490493774,0.6716650128364563
sst2,15,v_proj,layers.15.self_attn.v_proj,0.7,0.5,"[0.0, 0.5]",512,0,0.0,0.993256688117981,0.7137942314147949,0.0
sst2,15,up_proj,layers.15.mlp.up_proj,0.7,0.5,"[0.0, 0.5]",2048,5,0.00244140625,0.966598391532898,0.6404364109039307,1.7755874395370483
sst2,15,down_proj,layers.15.mlp.down_proj,0.7,0.5,"[0.0, 0.5]",2048,8,0.00390625,0.9618784189224243,0.590741753578186,1.516973614692688
siqa,0,q_proj,layers.0.self_attn.q_proj,0.7,0.5,"[0.0, 0.5]",2048,301,0.14697265625,0.8739455342292786,0.3025914132595062,1.1873337030410767
siqa,0,v_proj,layers.0.self_attn.v_proj,0.7,0.5,"[0.0, 0.5]",512,77,0.150390625,0.8397941589355469,0.4967966079711914,1.3426120281219482
siqa,0,up_proj,layers.0.mlp.up_proj,0.7,0.5,"[0.0, 0.5]",2048,353,0.17236328125,0.8223157525062561,0.4526466727256775,13.28382396697998
siqa,0,down_proj,layers.0.mlp.down_proj,0.7,0.5,"[0.0, 0.5]",2048,457,0.22314453125,0.8070201873779297,0.4643486440181732,15.718619346618652
siqa,1,q_proj,layers.1.self_attn.q_proj,0.7,0.5,"[0.0, 0.5]",2048,373,0.18212890625,0.8587331175804138,0.3774906098842621,2.0620086193084717
siqa,1,v_proj,layers.1.self_attn.v_proj,0.7,0.5,"[0.0, 0.5]",512,76,0.1484375,0.8375331163406372,0.5372257828712463,1.8565819263458252
siqa,1,up_proj,layers.1.mlp.up_proj,0.7,0.5,"[0.0, 0.5]",2048,342,0.1669921875,0.8233973979949951,0.5208149552345276,13.403611183166504
siqa,1,down_proj,layers.1.mlp.down_proj,0.7,0.5,"[0.0, 0.5]",2048,351,0.17138671875,0.8297233581542969,0.4848332703113556,13.697003364562988
siqa,2,q_proj,layers.2.self_attn.q_proj,0.7,0.5,"[0.0, 0.5]",2048,335,0.16357421875,0.8624761700630188,0.4003203511238098,1.9440463781356812
siqa,2,v_proj,layers.2.self_attn.v_proj,0.7,0.5,"[0.0, 0.5]",512,23,0.044921875,0.8933708667755127,0.5671358704566956,1.162438988685608
siqa,2,up_proj,layers.2.mlp.up_proj,0.7,0.5,"[0.0, 0.5]",2048,393,0.19189453125,0.8153594136238098,0.5144879221916199,13.953771591186523
siqa,2,down_proj,layers.2.mlp.down_proj,0.7,0.5,"[0.0, 0.5]",2048,269,0.13134765625,0.8409805297851562,0.49247032403945923,11.065140724182129
siqa,3,q_proj,layers.3.self_attn.q_proj,0.7,0.5,"[0.0, 0.5]",2048,252,0.123046875,0.8748269081115723,0.43180426955223083,1.7358293533325195
siqa,3,v_proj,layers.3.self_attn.v_proj,0.7,0.5,"[0.0, 0.5]",512,18,0.03515625,0.8960292935371399,0.567802906036377,1.1777974367141724
siqa,3,up_proj,layers.3.mlp.up_proj,0.7,0.5,"[0.0, 0.5]",2048,410,0.2001953125,0.811607837677002,0.46604034304618835,13.46673583984375
siqa,3,down_proj,layers.3.mlp.down_proj,0.7,0.5,"[0.0, 0.5]",2048,345,0.16845703125,0.831744909286499,0.4695791006088257,12.119039535522461
siqa,4,q_proj,layers.4.self_attn.q_proj,0.7,0.5,"[0.0, 0.5]",2048,376,0.18359375,0.852959394454956,0.41392746567726135,2.258765697479248
siqa,4,v_proj,layers.4.self_attn.v_proj,0.7,0.5,"[0.0, 0.5]",512,21,0.041015625,0.890322208404541,0.5581182241439819,1.265135645866394
siqa,4,up_proj,layers.4.mlp.up_proj,0.7,0.5,"[0.0, 0.5]",2048,393,0.19189453125,0.8145036697387695,0.4732573330402374,13.186105728149414
siqa,4,down_proj,layers.4.mlp.down_proj,0.7,0.5,"[0.0, 0.5]",2048,285,0.13916015625,0.8398358225822449,0.5051944851875305,10.858179092407227
siqa,5,q_proj,layers.5.self_attn.q_proj,0.7,0.5,"[0.0, 0.5]",2048,564,0.275390625,0.8132807612419128,0.3544570207595825,2.4540441036224365
siqa,5,v_proj,layers.5.self_attn.v_proj,0.7,0.5,"[0.0, 0.5]",512,32,0.0625,0.8724831938743591,0.563475489616394,1.2059626579284668
siqa,5,up_proj,layers.5.mlp.up_proj,0.7,0.5,"[0.0, 0.5]",2048,270,0.1318359375,0.8368293046951294,0.5077271461486816,10.852946281433105
siqa,5,down_proj,layers.5.mlp.down_proj,0.7,0.5,"[0.0, 0.5]",2048,250,0.1220703125,0.8519223928451538,0.45662033557891846,9.920669555664062
siqa,6,q_proj,layers.6.self_attn.q_proj,0.7,0.5,"[0.0, 0.5]",2048,510,0.2490234375,0.8238521814346313,0.35799095034599304,2.2753846645355225
siqa,6,v_proj,layers.6.self_attn.v_proj,0.7,0.5,"[0.0, 0.5]",512,13,0.025390625,0.8991700410842896,0.546532154083252,0.8537787199020386
siqa,6,up_proj,layers.6.mlp.up_proj,0.7,0.5,"[0.0, 0.5]",2048,234,0.1142578125,0.8534010052680969,0.5123433470726013,10.208138465881348
siqa,6,down_proj,layers.6.mlp.down_proj,0.7,0.5,"[0.0, 0.5]",2048,212,0.103515625,0.8632249236106873,0.5052153468132019,8.95656967163086
siqa,7,q_proj,layers.7.self_attn.q_proj,0.7,0.5,"[0.0, 0.5]",2048,502,0.2451171875,0.8297246694564819,0.34581103920936584,1.9578301906585693
siqa,7,v_proj,layers.7.self_attn.v_proj,0.7,0.5,"[0.0, 0.5]",512,6,0.01171875,0.938274085521698,0.6057246923446655,0.4985131323337555
siqa,7,up_proj,layers.7.mlp.up_proj,0.7,0.5,"[0.0, 0.5]",2048,126,0.0615234375,0.8801547884941101,0.5498549342155457,7.1012115478515625
siqa,7,down_proj,layers.7.mlp.down_proj,0.7,0.5,"[0.0, 0.5]",2048,98,0.0478515625,0.8934369087219238,0.5700110197067261,6.261956214904785
siqa,8,q_proj,layers.8.self_attn.q_proj,0.7,0.5,"[0.0, 0.5]",2048,450,0.2197265625,0.8419703245162964,0.3669143617153168,1.6711758375167847
siqa,8,v_proj,layers.8.self_attn.v_proj,0.7,0.5,"[0.0, 0.5]",512,8,0.015625,0.9333370327949524,0.6243938207626343,0.6618303656578064
siqa,8,up_proj,layers.8.mlp.up_proj,0.7,0.5,"[0.0, 0.5]",2048,96,0.046875,0.893341600894928,0.5814106464385986,6.705357551574707
siqa,8,down_proj,layers.8.mlp.down_proj,0.7,0.5,"[0.0, 0.5]",2048,69,0.03369140625,0.9059675931930542,0.5420300364494324,5.395374298095703
siqa,9,q_proj,layers.9.self_attn.q_proj,0.7,0.5,"[0.0, 0.5]",2048,298,0.1455078125,0.8768850564956665,0.37356966733932495,1.4261014461517334
siqa,9,v_proj,layers.9.self_attn.v_proj,0.7,0.5,"[0.0, 0.5]",512,4,0.0078125,0.9334216713905334,0.6161829233169556,0.554987370967865
siqa,9,up_proj,layers.9.mlp.up_proj,0.7,0.5,"[0.0, 0.5]",2048,50,0.0244140625,0.9161088466644287,0.5521740913391113,4.695799350738525
siqa,9,down_proj,layers.9.mlp.down_proj,0.7,0.5,"[0.0, 0.5]",2048,41,0.02001953125,0.9191672205924988,0.5940160751342773,4.426146984100342
siqa,10,q_proj,layers.10.self_attn.q_proj,0.7,0.5,"[0.0, 0.5]",2048,347,0.16943359375,0.8714669942855835,0.4012933373451233,1.3141875267028809
siqa,10,v_proj,layers.10.self_attn.v_proj,0.7,0.5,"[0.0, 0.5]",512,4,0.0078125,0.934788703918457,0.6783491373062134,0.6062933802604675
siqa,10,up_proj,layers.10.mlp.up_proj,0.7,0.5,"[0.0, 0.5]",2048,35,0.01708984375,0.9229327440261841,0.6149418354034424,4.29956579208374
siqa,10,down_proj,layers.10.mlp.down_proj,0.7,0.5,"[0.0, 0.5]",2048,48,0.0234375,0.9233273267745972,0.572198748588562,4.950469970703125
siqa,11,q_proj,layers.11.self_attn.q_proj,0.7,0.5,"[0.0, 0.5]",2048,118,0.0576171875,0.9113858938217163,0.5188570618629456,1.2365792989730835
siqa,11,v_proj,layers.11.self_attn.v_proj,0.7,0.5,"[0.0, 0.5]",512,0,0.0,0.9632748365402222,0.7029455304145813,0.0
siqa,11,up_proj,layers.11.mlp.up_proj,0.7,0.5,"[0.0, 0.5]",2048,24,0.01171875,0.9375843405723572,0.6171796321868896,3.3282175064086914
siqa,11,down_proj,layers.11.mlp.down_proj,0.7,0.5,"[0.0, 0.5]",2048,18,0.0087890625,0.9379665851593018,0.5895429849624634,3.0949723720550537
siqa,12,q_proj,layers.12.self_attn.q_proj,0.7,0.5,"[0.0, 0.5]",2048,124,0.060546875,0.9147936105728149,0.4878958761692047,0.7267412543296814
siqa,12,v_proj,layers.12.self_attn.v_proj,0.7,0.5,"[0.0, 0.5]",512,0,0.0,0.9686693549156189,0.700237512588501,0.0
siqa,12,up_proj,layers.12.mlp.up_proj,0.7,0.5,"[0.0, 0.5]",2048,13,0.00634765625,0.9477854371070862,0.6291271448135376,2.526120901107788
siqa,12,down_proj,layers.12.mlp.down_proj,0.7,0.5,"[0.0, 0.5]",2048,22,0.0107421875,0.9470765590667725,0.590092122554779,3.703587293624878
siqa,13,q_proj,layers.13.self_attn.q_proj,0.7,0.5,"[0.0, 0.5]",2048,141,0.06884765625,0.9094060659408569,0.4681181013584137,1.1847965717315674
siqa,13,v_proj,layers.13.self_attn.v_proj,0.7,0.5,"[0.0, 0.5]",512,1,0.001953125,0.9775811433792114,0.6952322125434875,0.2223961502313614
siqa,13,up_proj,layers.13.mlp.up_proj,0.7,0.5,"[0.0, 0.5]",2048,13,0.00634765625,0.9512847065925598,0.6339929699897766,2.364633083343506
siqa,13,down_proj,layers.13.mlp.down_proj,0.7,0.5,"[0.0, 0.5]",2048,14,0.0068359375,0.9532325267791748,0.6561827659606934,2.7605443000793457
siqa,14,q_proj,layers.14.self_attn.q_proj,0.7,0.5,"[0.0, 0.5]",2048,232,0.11328125,0.889997661113739,0.4317067563533783,0.8086614608764648
siqa,14,v_proj,layers.14.self_attn.v_proj,0.7,0.5,"[0.0, 0.5]",512,0,0.0,0.9923787117004395,0.7993780970573425,0.0
siqa,14,up_proj,layers.14.mlp.up_proj,0.7,0.5,"[0.0, 0.5]",2048,4,0.001953125,0.9594253301620483,0.6174182891845703,1.4203193187713623
siqa,14,down_proj,layers.14.mlp.down_proj,0.7,0.5,"[0.0, 0.5]",2048,3,0.00146484375,0.9626453518867493,0.6766902804374695,1.296423316001892
siqa,15,q_proj,layers.15.self_attn.q_proj,0.7,0.5,"[0.0, 0.5]",2048,272,0.1328125,0.8863766193389893,0.4415234625339508,0.8607587814331055
siqa,15,v_proj,layers.15.self_attn.v_proj,0.7,0.5,"[0.0, 0.5]",512,0,0.0,0.991043746471405,0.7439218759536743,0.0
siqa,15,up_proj,layers.15.mlp.up_proj,0.7,0.5,"[0.0, 0.5]",2048,8,0.00390625,0.9588192105293274,0.6153447031974792,2.134103536605835
siqa,15,down_proj,layers.15.mlp.down_proj,0.7,0.5,"[0.0, 0.5]",2048,16,0.0078125,0.9517810940742493,0.6138980984687805,2.4771602153778076
winogrande,0,q_proj,layers.0.self_attn.q_proj,0.7,0.5,"[0.0, 0.5]",2048,323,0.15771484375,0.8680371046066284,0.30955541133880615,1.2978018522262573
winogrande,0,v_proj,layers.0.self_attn.v_proj,0.7,0.5,"[0.0, 0.5]",512,82,0.16015625,0.8367706537246704,0.5166268944740295,1.3172093629837036
winogrande,0,up_proj,layers.0.mlp.up_proj,0.7,0.5,"[0.0, 0.5]",2048,398,0.1943359375,0.8146077990531921,0.48658284544944763,14.122666358947754
winogrande,0,down_proj,layers.0.mlp.down_proj,0.7,0.5,"[0.0, 0.5]",2048,490,0.2392578125,0.795386552810669,0.4537477195262909,16.319372177124023
winogrande,1,q_proj,layers.1.self_attn.q_proj,0.7,0.5,"[0.0, 0.5]",2048,402,0.1962890625,0.8521753549575806,0.3697797954082489,2.0687973499298096
winogrande,1,v_proj,layers.1.self_attn.v_proj,0.7,0.5,"[0.0, 0.5]",512,75,0.146484375,0.8309133648872375,0.5460725426673889,1.9132804870605469
winogrande,1,up_proj,layers.1.mlp.up_proj,0.7,0.5,"[0.0, 0.5]",2048,379,0.18505859375,0.8178999423980713,0.48240524530410767,14.185006141662598
winogrande,1,down_proj,layers.1.mlp.down_proj,0.7,0.5,"[0.0, 0.5]",2048,362,0.1767578125,0.8236830234527588,0.47893089056015015,13.905521392822266
winogrande,2,q_proj,layers.2.self_attn.q_proj,0.7,0.5,"[0.0, 0.5]",2048,368,0.1796875,0.8571639657020569,0.3586829900741577,2.3000006675720215
winogrande,2,v_proj,layers.2.self_attn.v_proj,0.7,0.5,"[0.0, 0.5]",512,21,0.041015625,0.8863001465797424,0.5707778334617615,1.0086475610733032
winogrande,2,up_proj,layers.2.mlp.up_proj,0.7,0.5,"[0.0, 0.5]",2048,410,0.2001953125,0.8097631335258484,0.47966164350509644,14.215353012084961
winogrande,2,down_proj,layers.2.mlp.down_proj,0.7,0.5,"[0.0, 0.5]",2048,299,0.14599609375,0.8360655307769775,0.4276926517486572,11.71715259552002
winogrande,3,q_proj,layers.3.self_attn.q_proj,0.7,0.5,"[0.0, 0.5]",2048,292,0.142578125,0.8681837916374207,0.4428958296775818,2.0018043518066406
winogrande,3,v_proj,layers.3.self_attn.v_proj,0.7,0.5,"[0.0, 0.5]",512,21,0.041015625,0.8887994289398193,0.581699550151825,1.2925680875778198
winogrande,3,up_proj,layers.3.mlp.up_proj,0.7,0.5,"[0.0, 0.5]",2048,449,0.21923828125,0.8034185767173767,0.4505165219306946,14.148640632629395
winogrande,3,down_proj,layers.3.mlp.down_proj,0.7,0.5,"[0.0, 0.5]",2048,357,0.17431640625,0.8249408602714539,0.4963056743144989,12.19564437866211
winogrande,4,q_proj,layers.4.self_attn.q_proj,0.7,0.5,"[0.0, 0.5]",2048,400,0.1953125,0.8445601463317871,0.3601858913898468,2.409499406814575
winogrande,4,v_proj,layers.4.self_attn.v_proj,0.7,0.5,"[0.0, 0.5]",512,26,0.05078125,0.8858470320701599,0.5930702686309814,1.3826619386672974
winogrande,4,up_proj,layers.4.mlp.up_proj,0.7,0.5,"[0.0, 0.5]",2048,437,0.21337890625,0.8072905540466309,0.48075783252716064,13.694738388061523
winogrande,4,down_proj,layers.4.mlp.down_proj,0.7,0.5,"[0.0, 0.5]",2048,389,0.18994140625,0.829293429851532,0.492186576128006,12.734731674194336
winogrande,5,q_proj,layers.5.self_attn.q_proj,0.7,0.5,"[0.0, 0.5]",2048,585,0.28564453125,0.8083654046058655,0.3296946883201599,2.118788957595825
winogrande,5,v_proj,layers.5.self_attn.v_proj,0.7,0.5,"[0.0, 0.5]",512,41,0.080078125,0.8679621815681458,0.5557194948196411,1.4135253429412842
winogrande,5,up_proj,layers.5.mlp.up_proj,0.7,0.5,"[0.0, 0.5]",2048,308,0.150390625,0.8304482102394104,0.5261861681938171,11.591310501098633
winogrande,5,down_proj,layers.5.mlp.down_proj,0.7,0.5,"[0.0, 0.5]",2048,261,0.12744140625,0.845304012298584,0.43101829290390015,10.017923355102539
winogrande,6,q_proj,layers.6.self_attn.q_proj,0.7,0.5,"[0.0, 0.5]",2048,559,0.27294921875,0.8183053731918335,0.3774685263633728,2.473876476287842
winogrande,6,v_proj,layers.6.self_attn.v_proj,0.7,0.5,"[0.0, 0.5]",512,25,0.048828125,0.8937550783157349,0.5571261048316956,1.1521515846252441
winogrande,6,up_proj,layers.6.mlp.up_proj,0.7,0.5,"[0.0, 0.5]",2048,255,0.12451171875,0.8459876775741577,0.5102758407592773,10.492475509643555
winogrande,6,down_proj,layers.6.mlp.down_proj,0.7,0.5,"[0.0, 0.5]",2048,219,0.10693359375,0.8591529130935669,0.5002439618110657,9.297103881835938
winogrande,7,q_proj,layers.7.self_attn.q_proj,0.7,0.5,"[0.0, 0.5]",2048,513,0.25048828125,0.8256751894950867,0.3731895387172699,1.9350718259811401
winogrande,7,v_proj,layers.7.self_attn.v_proj,0.7,0.5,"[0.0, 0.5]",512,10,0.01953125,0.933003306388855,0.6165215969085693,0.7397841811180115
winogrande,7,up_proj,layers.7.mlp.up_proj,0.7,0.5,"[0.0, 0.5]",2048,171,0.08349609375,0.8724607825279236,0.526461124420166,8.352502822875977
winogrande,7,down_proj,layers.7.mlp.down_proj,0.7,0.5,"[0.0, 0.5]",2048,104,0.05078125,0.8894625902175903,0.5506690740585327,6.608412265777588
winogrande,8,q_proj,layers.8.self_attn.q_proj,0.7,0.5,"[0.0, 0.5]",2048,464,0.2265625,0.8400720357894897,0.37693244218826294,1.9282712936401367
winogrande,8,v_proj,layers.8.self_attn.v_proj,0.7,0.5,"[0.0, 0.5]",512,6,0.01171875,0.9324440956115723,0.6447724103927612,0.578384518623352
winogrande,8,up_proj,layers.8.mlp.up_proj,0.7,0.5,"[0.0, 0.5]",2048,105,0.05126953125,0.8889994621276855,0.5697949528694153,6.945602893829346
winogrande,8,down_proj,layers.8.mlp.down_proj,0.7,0.5,"[0.0, 0.5]",2048,69,0.03369140625,0.9019152522087097,0.5185232758522034,5.13722562789917
winogrande,9,q_proj,layers.9.self_attn.q_proj,0.7,0.5,"[0.0, 0.5]",2048,325,0.15869140625,0.8726179599761963,0.40447625517845154,1.6930378675460815
winogrande,9,v_proj,layers.9.self_attn.v_proj,0.7,0.5,"[0.0, 0.5]",512,8,0.015625,0.9288327693939209,0.6161485910415649,0.8666083216667175
winogrande,9,up_proj,layers.9.mlp.up_proj,0.7,0.5,"[0.0, 0.5]",2048,64,0.03125,0.9106893539428711,0.5419707298278809,5.577461242675781
winogrande,9,down_proj,layers.9.mlp.down_proj,0.7,0.5,"[0.0, 0.5]",2048,45,0.02197265625,0.914375901222229,0.5659587979316711,4.669342041015625
winogrande,10,q_proj,layers.10.self_attn.q_proj,0.7,0.5,"[0.0, 0.5]",2048,370,0.1806640625,0.8671828508377075,0.37456753849983215,1.4966065883636475
winogrande,10,v_proj,layers.10.self_attn.v_proj,0.7,0.5,"[0.0, 0.5]",512,10,0.01953125,0.9302995204925537,0.666037917137146,0.8362802267074585
winogrande,10,up_proj,layers.10.mlp.up_proj,0.7,0.5,"[0.0, 0.5]",2048,52,0.025390625,0.9169121980667114,0.5871323943138123,5.078138828277588
winogrande,10,down_proj,layers.10.mlp.down_proj,0.7,0.5,"[0.0, 0.5]",2048,48,0.0234375,0.9169808626174927,0.5482854843139648,4.9169921875
winogrande,11,q_proj,layers.11.self_attn.q_proj,0.7,0.5,"[0.0, 0.5]",2048,126,0.0615234375,0.9074181318283081,0.4538114070892334,1.3546818494796753
winogrande,11,v_proj,layers.11.self_attn.v_proj,0.7,0.5,"[0.0, 0.5]",512,3,0.005859375,0.955924928188324,0.6704403758049011,0.49304845929145813
winogrande,11,up_proj,layers.11.mlp.up_proj,0.7,0.5,"[0.0, 0.5]",2048,19,0.00927734375,0.9348495006561279,0.5951724052429199,3.02809739112854
winogrande,11,down_proj,layers.11.mlp.down_proj,0.7,0.5,"[0.0, 0.5]",2048,16,0.0078125,0.9320811033248901,0.5715519189834595,2.9322710037231445
winogrande,12,q_proj,layers.12.self_attn.q_proj,0.7,0.5,"[0.0, 0.5]",2048,140,0.068359375,0.9105088710784912,0.4561639428138733,0.8172020316123962
winogrande,12,v_proj,layers.12.self_attn.v_proj,0.7,0.5,"[0.0, 0.5]",512,0,0.0,0.9634847640991211,0.7130897641181946,0.0
winogrande,12,up_proj,layers.12.mlp.up_proj,0.7,0.5,"[0.0, 0.5]",2048,13,0.00634765625,0.9435844421386719,0.6319315433502197,2.6633098125457764
winogrande,12,down_proj,layers.12.mlp.down_proj,0.7,0.5,"[0.0, 0.5]",2048,23,0.01123046875,0.9422078728675842,0.5744970440864563,3.488340139389038
winogrande,13,q_proj,layers.13.self_attn.q_proj,0.7,0.5,"[0.0, 0.5]",2048,157,0.07666015625,0.9040824174880981,0.453931987285614,1.171765923500061
winogrande,13,v_proj,layers.13.self_attn.v_proj,0.7,0.5,"[0.0, 0.5]",512,0,0.0,0.9749338626861572,0.7131582498550415,0.0
winogrande,13,up_proj,layers.13.mlp.up_proj,0.7,0.5,"[0.0, 0.5]",2048,13,0.00634765625,0.9458885788917542,0.5767735242843628,2.4371228218078613
winogrande,13,down_proj,layers.13.mlp.down_proj,0.7,0.5,"[0.0, 0.5]",2048,12,0.005859375,0.9487026333808899,0.635269820690155,2.470621109008789
winogrande,14,q_proj,layers.14.self_attn.q_proj,0.7,0.5,"[0.0, 0.5]",2048,259,0.12646484375,0.8823539614677429,0.4448072016239166,0.8610469102859497
winogrande,14,v_proj,layers.14.self_attn.v_proj,0.7,0.5,"[0.0, 0.5]",512,0,0.0,0.9907799959182739,0.7964101433753967,0.0
winogrande,14,up_proj,layers.14.mlp.up_proj,0.7,0.5,"[0.0, 0.5]",2048,2,0.0009765625,0.9540698528289795,0.6511543393135071,0.8309894800186157
winogrande,14,down_proj,layers.14.mlp.down_proj,0.7,0.5,"[0.0, 0.5]",2048,11,0.00537109375,0.9551545977592468,0.6455762386322021,2.1667323112487793
winogrande,15,q_proj,layers.15.self_attn.q_proj,0.7,0.5,"[0.0, 0.5]",2048,301,0.14697265625,0.8769813179969788,0.44041240215301514,1.1028183698654175
winogrande,15,v_proj,layers.15.self_attn.v_proj,0.7,0.5,"[0.0, 0.5]",512,0,0.0,0.988896369934082,0.7957095503807068,0.0
winogrande,15,up_proj,layers.15.mlp.up_proj,0.7,0.5,"[0.0, 0.5]",2048,15,0.00732421875,0.9477128386497498,0.6245590448379517,2.6710169315338135
winogrande,15,down_proj,layers.15.mlp.down_proj,0.7,0.5,"[0.0, 0.5]",2048,12,0.005859375,0.9447542428970337,0.6424562931060791,2.194586992263794
fever,0,q_proj,layers.0.self_attn.q_proj,0.7,0.5,"[0.0, 0.5]",2048,373,0.18212890625,0.8553332090377808,0.287788450717926,1.912520408630371
fever,0,v_proj,layers.0.self_attn.v_proj,0.7,0.5,"[0.0, 0.5]",512,99,0.193359375,0.8157824873924255,0.48563286662101746,1.439408540725708
fever,0,up_proj,layers.0.mlp.up_proj,0.7,0.5,"[0.0, 0.5]",2048,472,0.23046875,0.7950056791305542,0.44494500756263733,15.592778205871582
fever,0,down_proj,layers.0.mlp.down_proj,0.7,0.5,"[0.0, 0.5]",2048,639,0.31201171875,0.7749121785163879,0.40998485684394836,18.48573875427246
fever,1,q_proj,layers.1.self_attn.q_proj,0.7,0.5,"[0.0, 0.5]",2048,434,0.2119140625,0.8412008285522461,0.2861325442790985,2.2971363067626953
fever,1,v_proj,layers.1.self_attn.v_proj,0.7,0.5,"[0.0, 0.5]",512,107,0.208984375,0.8115231990814209,0.5106999278068542,2.0402841567993164
fever,1,up_proj,layers.1.mlp.up_proj,0.7,0.5,"[0.0, 0.5]",2048,514,0.2509765625,0.7950488924980164,0.4739244878292084,16.66465187072754
fever,1,down_proj,layers.1.mlp.down_proj,0.7,0.5,"[0.0, 0.5]",2048,457,0.22314453125,0.8067542314529419,0.4380141794681549,15.512740135192871
fever,2,q_proj,layers.2.self_attn.q_proj,0.7,0.5,"[0.0, 0.5]",2048,403,0.19677734375,0.8474583029747009,0.3887200653553009,2.025350332260132
fever,2,v_proj,layers.2.self_attn.v_proj,0.7,0.5,"[0.0, 0.5]",512,33,0.064453125,0.8670344352722168,0.5777683258056641,1.350852131843567
fever,2,up_proj,layers.2.mlp.up_proj,0.7,0.5,"[0.0, 0.5]",2048,533,0.26025390625,0.7887750864028931,0.43589091300964355,16.171268463134766
fever,2,down_proj,layers.2.mlp.down_proj,0.7,0.5,"[0.0, 0.5]",2048,418,0.2041015625,0.8127140998840332,0.47189292311668396,13.867687225341797
fever,3,q_proj,layers.3.self_attn.q_proj,0.7,0.5,"[0.0, 0.5]",2048,357,0.17431640625,0.8542649149894714,0.4205043315887451,2.7046775817871094
fever,3,v_proj,layers.3.self_attn.v_proj,0.7,0.5,"[0.0, 0.5]",512,43,0.083984375,0.8717132210731506,0.5423142313957214,1.8686338663101196
fever,3,up_proj,layers.3.mlp.up_proj,0.7,0.5,"[0.0, 0.5]",2048,577,0.28173828125,0.7796763181686401,0.44730308651924133,16.12118148803711
fever,3,down_proj,layers.3.mlp.down_proj,0.7,0.5,"[0.0, 0.5]",2048,436,0.212890625,0.8069406747817993,0.4438907504081726,13.542848587036133
fever,4,q_proj,layers.4.self_attn.q_proj,0.7,0.5,"[0.0, 0.5]",2048,471,0.22998046875,0.8307222127914429,0.3652705252170563,2.588080406188965
fever,4,v_proj,layers.4.self_attn.v_proj,0.7,0.5,"[0.0, 0.5]",512,27,0.052734375,0.877013087272644,0.5661087036132812,1.5143344402313232
fever,4,up_proj,layers.4.mlp.up_proj,0.7,0.5,"[0.0, 0.5]",2048,537,0.26220703125,0.7877712249755859,0.46387943625450134,15.372532844543457
fever,4,down_proj,layers.4.mlp.down_proj,0.7,0.5,"[0.0, 0.5]",2048,466,0.2275390625,0.8098967671394348,0.4847354292869568,13.884551048278809
fever,5,q_proj,layers.5.self_attn.q_proj,0.7,0.5,"[0.0, 0.5]",2048,619,0.30224609375,0.7972061038017273,0.328616201877594,2.5538277626037598
fever,5,v_proj,layers.5.self_attn.v_proj,0.7,0.5,"[0.0, 0.5]",512,59,0.115234375,0.8569700717926025,0.5317061543464661,1.7246352434158325
fever,5,up_proj,layers.5.mlp.up_proj,0.7,0.5,"[0.0, 0.5]",2048,410,0.2001953125,0.8112503886222839,0.48011308908462524,13.63543701171875
fever,5,down_proj,layers.5.mlp.down_proj,0.7,0.5,"[0.0, 0.5]",2048,369,0.18017578125,0.8235859870910645,0.446023166179657,11.908814430236816
fever,6,q_proj,layers.6.self_attn.q_proj,0.7,0.5,"[0.0, 0.5]",2048,614,0.2998046875,0.8043215870857239,0.35858890414237976,2.811720848083496
fever,6,v_proj,layers.6.self_attn.v_proj,0.7,0.5,"[0.0, 0.5]",512,37,0.072265625,0.8832866549491882,0.5680185556411743,1.5443543195724487
fever,6,up_proj,layers.6.mlp.up_proj,0.7,0.5,"[0.0, 0.5]",2048,313,0.15283203125,0.8271723985671997,0.4354214668273926,11.681288719177246
fever,6,down_proj,layers.6.mlp.down_proj,0.7,0.5,"[0.0, 0.5]",2048,314,0.1533203125,0.8401974439620972,0.48784148693084717,11.01466178894043
fever,7,q_proj,layers.7.self_attn.q_proj,0.7,0.5,"[0.0, 0.5]",2048,620,0.302734375,0.8053458333015442,0.35893020033836365,2.593860387802124
fever,7,v_proj,layers.7.self_attn.v_proj,0.7,0.5,"[0.0, 0.5]",512,11,0.021484375,0.921501636505127,0.5725605487823486,0.7631182074546814
fever,7,up_proj,layers.7.mlp.up_proj,0.7,0.5,"[0.0, 0.5]",2048,242,0.1181640625,0.8519460558891296,0.48867908120155334,10.240335464477539
fever,7,down_proj,layers.7.mlp.down_proj,0.7,0.5,"[0.0, 0.5]",2048,153,0.07470703125,0.8722823858261108,0.5352689027786255,7.784079551696777
fever,8,q_proj,layers.8.self_attn.q_proj,0.7,0.5,"[0.0, 0.5]",2048,549,0.26806640625,0.8225266933441162,0.339241087436676,2.034144163131714
fever,8,v_proj,layers.8.self_attn.v_proj,0.7,0.5,"[0.0, 0.5]",512,16,0.03125,0.9157556891441345,0.5578281879425049,0.9421066045761108
fever,8,up_proj,layers.8.mlp.up_proj,0.7,0.5,"[0.0, 0.5]",2048,167,0.08154296875,0.8689378499984741,0.5330541729927063,8.657794952392578
fever,8,down_proj,layers.8.mlp.down_proj,0.7,0.5,"[0.0, 0.5]",2048,135,0.06591796875,0.8814798593521118,0.4886166453361511,7.597986221313477
fever,9,q_proj,layers.9.self_attn.q_proj,0.7,0.5,"[0.0, 0.5]",2048,353,0.17236328125,0.8607383370399475,0.39884406328201294,1.5962319374084473
fever,9,v_proj,layers.9.self_attn.v_proj,0.7,0.5,"[0.0, 0.5]",512,11,0.021484375,0.9189320802688599,0.6054558753967285,1.0225945711135864
fever,9,up_proj,layers.9.mlp.up_proj,0.7,0.5,"[0.0, 0.5]",2048,98,0.0478515625,0.8925631046295166,0.5042833685874939,6.94251823425293
fever,9,down_proj,layers.9.mlp.down_proj,0.7,0.5,"[0.0, 0.5]",2048,91,0.04443359375,0.894821286201477,0.5793972611427307,6.411643028259277
fever,10,q_proj,layers.10.self_attn.q_proj,0.7,0.5,"[0.0, 0.5]",2048,422,0.2060546875,0.8516773581504822,0.4126948416233063,1.6227514743804932
fever,10,v_proj,layers.10.self_attn.v_proj,0.7,0.5,"[0.0, 0.5]",512,13,0.025390625,0.9168930053710938,0.6267055869102478,0.9517905712127686
fever,10,up_proj,layers.10.mlp.up_proj,0.7,0.5,"[0.0, 0.5]",2048,93,0.04541015625,0.9023745656013489,0.49192818999290466,6.944348335266113
fever,10,down_proj,layers.10.mlp.down_proj,0.7,0.5,"[0.0, 0.5]",2048,76,0.037109375,0.9008818864822388,0.5346863865852356,5.955135345458984
fever,11,q_proj,layers.11.self_attn.q_proj,0.7,0.5,"[0.0, 0.5]",2048,127,0.06201171875,0.8995832800865173,0.5247896313667297,1.136006474494934
fever,11,v_proj,layers.11.self_attn.v_proj,0.7,0.5,"[0.0, 0.5]",512,3,0.005859375,0.9480918645858765,0.6385734677314758,0.46659740805625916
fever,11,up_proj,layers.11.mlp.up_proj,0.7,0.5,"[0.0, 0.5]",2048,34,0.0166015625,0.9196110367774963,0.5933449268341064,4.2347636222839355
fever,11,down_proj,layers.11.mlp.down_proj,0.7,0.5,"[0.0, 0.5]",2048,49,0.02392578125,0.9163056015968323,0.6174173951148987,5.106291770935059
fever,12,q_proj,layers.12.self_attn.q_proj,0.7,0.5,"[0.0, 0.5]",2048,173,0.08447265625,0.897221565246582,0.46416085958480835,1.2834488153457642
fever,12,v_proj,layers.12.self_attn.v_proj,0.7,0.5,"[0.0, 0.5]",512,3,0.005859375,0.9577236771583557,0.6024539470672607,0.5277841687202454
fever,12,up_proj,layers.12.mlp.up_proj,0.7,0.5,"[0.0, 0.5]",2048,29,0.01416015625,0.9300236105918884,0.5828980207443237,4.05338191986084
fever,12,down_proj,layers.12.mlp.down_proj,0.7,0.5,"[0.0, 0.5]",2048,29,0.01416015625,0.9279386401176453,0.5880059599876404,3.8439130783081055
fever,13,q_proj,layers.13.self_attn.q_proj,0.7,0.5,"[0.0, 0.5]",2048,217,0.10595703125,0.8896229863166809,0.4696565568447113,1.6466015577316284
fever,13,v_proj,layers.13.self_attn.v_proj,0.7,0.5,"[0.0, 0.5]",512,0,0.0,0.9718500375747681,0.7017344236373901,0.0
fever,13,up_proj,layers.13.mlp.up_proj,0.7,0.5,"[0.0, 0.5]",2048,27,0.01318359375,0.931810200214386,0.579672634601593,3.7035298347473145
fever,13,down_proj,layers.13.mlp.down_proj,0.7,0.5,"[0.0, 0.5]",2048,23,0.01123046875,0.9371848702430725,0.6055831909179688,3.512467384338379
fever,14,q_proj,layers.14.self_attn.q_proj,0.7,0.5,"[0.0, 0.5]",2048,346,0.1689453125,0.8680797815322876,0.41982707381248474,1.140310525894165
fever,14,v_proj,layers.14.self_attn.v_proj,0.7,0.5,"[0.0, 0.5]",512,0,0.0,0.9884524345397949,0.7722605466842651,0.0
fever,14,up_proj,layers.14.mlp.up_proj,0.7,0.5,"[0.0, 0.5]",2048,17,0.00830078125,0.9419136047363281,0.6075586676597595,2.666393280029297
fever,14,down_proj,layers.14.mlp.down_proj,0.7,0.5,"[0.0, 0.5]",2048,15,0.00732421875,0.9429079294204712,0.6391262412071228,2.455571413040161
fever,15,q_proj,layers.15.self_attn.q_proj,0.7,0.5,"[0.0, 0.5]",2048,385,0.18798828125,0.8574905395507812,0.3846047520637512,1.2854235172271729
fever,15,v_proj,layers.15.self_attn.v_proj,0.7,0.5,"[0.0, 0.5]",512,0,0.0,0.9873002767562866,0.7300471067428589,0.0
fever,15,up_proj,layers.15.mlp.up_proj,0.7,0.5,"[0.0, 0.5]",2048,28,0.013671875,0.9379109144210815,0.6249076128005981,3.45536732673645
fever,15,down_proj,layers.15.mlp.down_proj,0.7,0.5,"[0.0, 0.5]",2048,32,0.015625,0.9315940141677856,0.5853180885314941,3.5624959468841553
