method,stage,adapter_eval_mode,layer,module,top_k,epsilon,num_intruders,mean_max_similarity
full,fever,n/a,0,q_proj,50,0.5,0,0.9999805688858032
full,fever,n/a,0,v_proj,50,0.5,0,0.9911220669746399
full,fever,n/a,0,up_proj,50,0.5,0,0.999694287776947
full,fever,n/a,0,down_proj,50,0.5,0,0.9970558881759644
full,fever,n/a,8,q_proj,50,0.5,0,0.9999778866767883
full,fever,n/a,8,v_proj,50,0.5,0,0.9934355020523071
full,fever,n/a,8,up_proj,50,0.5,0,0.9991757273674011
full,fever,n/a,8,down_proj,50,0.5,0,0.9995108246803284
full,fever,n/a,15,q_proj,50,0.5,0,0.9999856352806091
full,fever,n/a,15,v_proj,50,0.5,0,0.9999135732650757
full,fever,n/a,15,up_proj,50,0.5,0,0.9999434947967529
full,fever,n/a,15,down_proj,50,0.5,0,0.9991300106048584
full,mnli,n/a,0,q_proj,50,0.5,0,0.9999966621398926
full,mnli,n/a,0,v_proj,50,0.5,0,0.9984844923019409
full,mnli,n/a,0,up_proj,50,0.5,0,0.9999616742134094
full,mnli,n/a,0,down_proj,50,0.5,0,0.9997062087059021
full,mnli,n/a,8,q_proj,50,0.5,0,0.9999939203262329
full,mnli,n/a,8,v_proj,50,0.5,0,0.9983533620834351
full,mnli,n/a,8,up_proj,50,0.5,0,0.9951215982437134
full,mnli,n/a,8,down_proj,50,0.5,0,0.9999535083770752
full,mnli,n/a,15,q_proj,50,0.5,0,0.9999986290931702
full,mnli,n/a,15,v_proj,50,0.5,0,0.9999809265136719
full,mnli,n/a,15,up_proj,50,0.5,0,0.9999954700469971
full,mnli,n/a,15,down_proj,50,0.5,0,0.999825656414032
full,qqp,n/a,0,q_proj,50,0.5,0,0.9999918937683105
full,qqp,n/a,0,v_proj,50,0.5,0,0.9980312585830688
full,qqp,n/a,0,up_proj,50,0.5,0,0.9998748898506165
full,qqp,n/a,0,down_proj,50,0.5,0,0.9980812668800354
full,qqp,n/a,8,q_proj,50,0.5,0,0.9999911785125732
full,qqp,n/a,8,v_proj,50,0.5,0,0.998444139957428
full,qqp,n/a,8,up_proj,50,0.5,0,0.9926992654800415
full,qqp,n/a,8,down_proj,50,0.5,0,0.9998975992202759
full,qqp,n/a,15,q_proj,50,0.5,0,0.9999969601631165
full,qqp,n/a,15,v_proj,50,0.5,0,0.999959409236908
full,qqp,n/a,15,up_proj,50,0.5,0,0.9999880194664001
full,qqp,n/a,15,down_proj,50,0.5,0,0.999798595905304
full,siqa,n/a,0,q_proj,50,0.5,0,0.9999789595603943
full,siqa,n/a,0,v_proj,50,0.5,0,0.9945618510246277
full,siqa,n/a,0,up_proj,50,0.5,0,0.999807596206665
full,siqa,n/a,0,down_proj,50,0.5,0,0.9962820410728455
full,siqa,n/a,8,q_proj,50,0.5,0,0.9999846816062927
full,siqa,n/a,8,v_proj,50,0.5,0,0.995350182056427
full,siqa,n/a,8,up_proj,50,0.5,0,0.9986684322357178
full,siqa,n/a,8,down_proj,50,0.5,0,0.9994807243347168
full,siqa,n/a,15,q_proj,50,0.5,0,0.9999932050704956
full,siqa,n/a,15,v_proj,50,0.5,0,0.9999326467514038
full,siqa,n/a,15,up_proj,50,0.5,0,0.9999651908874512
full,siqa,n/a,15,down_proj,50,0.5,0,0.9994705319404602
full,sst2,n/a,0,q_proj,50,0.5,0,0.9999893307685852
full,sst2,n/a,0,v_proj,50,0.5,0,0.9959604144096375
full,sst2,n/a,0,up_proj,50,0.5,0,0.9998116493225098
full,sst2,n/a,0,down_proj,50,0.5,0,0.9979217648506165
full,sst2,n/a,8,q_proj,50,0.5,0,0.9999871253967285
full,sst2,n/a,8,v_proj,50,0.5,0,0.9973560571670532
full,sst2,n/a,8,up_proj,50,0.5,0,0.9986989498138428
full,sst2,n/a,8,down_proj,50,0.5,0,0.9997970461845398
full,sst2,n/a,15,q_proj,50,0.5,0,0.9999937415122986
full,sst2,n/a,15,v_proj,50,0.5,0,0.9999348521232605
full,sst2,n/a,15,up_proj,50,0.5,0,0.9999741911888123
full,sst2,n/a,15,down_proj,50,0.5,0,0.9994763731956482
full,winogrande,n/a,0,q_proj,50,0.5,0,0.9999762177467346
full,winogrande,n/a,0,v_proj,50,0.5,0,0.9925692677497864
full,winogrande,n/a,0,up_proj,50,0.5,0,0.9997686147689819
full,winogrande,n/a,0,down_proj,50,0.5,0,0.9961516857147217
full,winogrande,n/a,8,q_proj,50,0.5,0,0.999983549118042
full,winogrande,n/a,8,v_proj,50,0.5,0,0.9945360422134399
full,winogrande,n/a,8,up_proj,50,0.5,0,0.9991495013237
full,winogrande,n/a,8,down_proj,50,0.5,0,0.9995608329772949
full,winogrande,n/a,15,q_proj,50,0.5,0,0.999991238117218
full,winogrande,n/a,15,v_proj,50,0.5,0,0.9999423027038574
full,winogrande,n/a,15,up_proj,50,0.5,0,0.9999588131904602
full,winogrande,n/a,15,down_proj,50,0.5,0,0.9992313385009766
stacked_lora,fever,all,0,q_proj,50,0.5,0,0.9999897480010986
stacked_lora,fever,all,0,v_proj,50,0.5,0,0.9967261552810669
stacked_lora,fever,all,0,up_proj,50,0.5,0,0.999915361404419
stacked_lora,fever,all,0,down_proj,50,0.5,0,0.999796450138092
stacked_lora,fever,all,8,q_proj,50,0.5,0,0.9999791979789734
stacked_lora,fever,all,8,v_proj,50,0.5,0,0.9969365000724792
stacked_lora,fever,all,8,up_proj,50,0.5,0,0.9938392043113708
stacked_lora,fever,all,8,down_proj,50,0.5,0,0.9999520182609558
stacked_lora,fever,all,15,q_proj,50,0.5,0,0.9999762177467346
stacked_lora,fever,all,15,v_proj,50,0.5,0,0.9998932480812073
stacked_lora,fever,all,15,up_proj,50,0.5,0,0.9999661445617676
stacked_lora,fever,all,15,down_proj,50,0.5,0,0.9999368190765381
stacked_lora,mnli,all,0,q_proj,50,0.5,0,0.9999964237213135
stacked_lora,mnli,all,0,v_proj,50,0.5,0,0.9993188977241516
stacked_lora,mnli,all,0,up_proj,50,0.5,0,0.9999727606773376
stacked_lora,mnli,all,0,down_proj,50,0.5,0,0.9999737739562988
stacked_lora,mnli,all,8,q_proj,50,0.5,0,0.9999945163726807
stacked_lora,mnli,all,8,v_proj,50,0.5,0,0.9990128874778748
stacked_lora,mnli,all,8,up_proj,50,0.5,0,0.9981924295425415
stacked_lora,mnli,all,8,down_proj,50,0.5,0,0.9999803900718689
stacked_lora,mnli,all,15,q_proj,50,0.5,0,0.9999980330467224
stacked_lora,mnli,all,15,v_proj,50,0.5,0,0.9999731183052063
stacked_lora,mnli,all,15,up_proj,50,0.5,0,0.9999923706054688
stacked_lora,mnli,all,15,down_proj,50,0.5,0,0.9999940991401672
stacked_lora,qqp,all,0,q_proj,50,0.5,0,0.9999939203262329
stacked_lora,qqp,all,0,v_proj,50,0.5,0,0.9988971948623657
stacked_lora,qqp,all,0,up_proj,50,0.5,0,0.9999613761901855
stacked_lora,qqp,all,0,down_proj,50,0.5,0,0.9999410510063171
stacked_lora,qqp,all,8,q_proj,50,0.5,0,0.9999924302101135
stacked_lora,qqp,all,8,v_proj,50,0.5,0,0.9987801313400269
stacked_lora,qqp,all,8,up_proj,50,0.5,0,0.9966461658477783
stacked_lora,qqp,all,8,down_proj,50,0.5,0,0.9999811053276062
stacked_lora,qqp,all,15,q_proj,50,0.5,0,0.9999967813491821
stacked_lora,qqp,all,15,v_proj,50,0.5,0,0.9999522566795349
stacked_lora,qqp,all,15,up_proj,50,0.5,0,0.9999793767929077
stacked_lora,qqp,all,15,down_proj,50,0.5,0,0.9999876618385315
stacked_lora,siqa,all,0,q_proj,50,0.5,0,0.9999931454658508
stacked_lora,siqa,all,0,v_proj,50,0.5,0,0.9975641369819641
stacked_lora,siqa,all,0,up_proj,50,0.5,0,0.9999135732650757
stacked_lora,siqa,all,0,down_proj,50,0.5,0,0.999930739402771
stacked_lora,siqa,all,8,q_proj,50,0.5,0,0.999982476234436
stacked_lora,siqa,all,8,v_proj,50,0.5,0,0.9982914924621582
stacked_lora,siqa,all,8,up_proj,50,0.5,0,0.9891016483306885
stacked_lora,siqa,all,8,down_proj,50,0.5,0,0.9999545216560364
stacked_lora,siqa,all,15,q_proj,50,0.5,0,0.9999868869781494
stacked_lora,siqa,all,15,v_proj,50,0.5,0,0.9999210834503174
stacked_lora,siqa,all,15,up_proj,50,0.5,0,0.99996018409729
stacked_lora,siqa,all,15,down_proj,50,0.5,0,0.9999507665634155
stacked_lora,sst2,all,0,q_proj,50,0.5,0,0.9999947547912598
stacked_lora,sst2,all,0,v_proj,50,0.5,0,0.9983718395233154
stacked_lora,sst2,all,0,up_proj,50,0.5,0,0.9999379515647888
stacked_lora,sst2,all,0,down_proj,50,0.5,0,0.9999266266822815
stacked_lora,sst2,all,8,q_proj,50,0.5,0,0.9999877214431763
stacked_lora,sst2,all,8,v_proj,50,0.5,0,0.9984559416770935
stacked_lora,sst2,all,8,up_proj,50,0.5,0,0.9954683780670166
stacked_lora,sst2,all,8,down_proj,50,0.5,0,0.9999653697013855
stacked_lora,sst2,all,15,q_proj,50,0.5,0,0.9999942779541016
stacked_lora,sst2,all,15,v_proj,50,0.5,0,0.999937117099762
stacked_lora,sst2,all,15,up_proj,50,0.5,0,0.999977171421051
stacked_lora,sst2,all,15,down_proj,50,0.5,0,0.9999544024467468
stacked_lora,winogrande,all,0,q_proj,50,0.5,0,0.999991238117218
stacked_lora,winogrande,all,0,v_proj,50,0.5,0,0.9975586533546448
stacked_lora,winogrande,all,0,up_proj,50,0.5,0,0.9999215602874756
stacked_lora,winogrande,all,0,down_proj,50,0.5,0,0.9999238848686218
stacked_lora,winogrande,all,8,q_proj,50,0.5,0,0.9999827742576599
stacked_lora,winogrande,all,8,v_proj,50,0.5,0,0.9976813793182373
stacked_lora,winogrande,all,8,up_proj,50,0.5,0,0.9884063005447388
stacked_lora,winogrande,all,8,down_proj,50,0.5,0,0.9999555945396423
stacked_lora,winogrande,all,15,q_proj,50,0.5,0,0.9999802112579346
stacked_lora,winogrande,all,15,v_proj,50,0.5,0,0.9999193549156189
stacked_lora,winogrande,all,15,up_proj,50,0.5,0,0.9999694228172302
stacked_lora,winogrande,all,15,down_proj,50,0.5,0,0.9999481439590454
